TxnHash,Ts,Dt,Action,Buyer,NFT,TokenID,TType,Quantity,Price,Market
0xd7f307985ef48d1a9783b69a55629bc5624df349ed898e3ddca355506cb13fc4,1575556456,2019-12-05 14:34:16,Bought,0x378d6972a69247a5bf6613864599a8447ef38de4,Sandbox's LANDs,88311,ERC721,1,0.5 ETH ($74.18),Opensea
0x20134fb069051c7d2bf66461f2feaa6af7822828a1412d9f0fd16cce5e3d4c57,1575556864,2019-12-05 14:41:04,Bought,0x378d6972a69247a5bf6613864599a8447ef38de4,Sandbox's LANDs,90351,ERC721,1,0.5 ETH ($74.18),Opensea
0x0d615b5308447460b4990d4d0996857b54535825a4cb1935d6627423f25035d2,1575558278,2019-12-05 15:04:38,Bought,0x46c1794df805bfb5761726c60a8148158dab87e2,Sandbox's LANDs,89535,ERC721,1,0.198 ETH ($29.375280000000004),Opensea
0x26f50dd064e1d43ee8cced51deb0a502dbf031c6e9dd26b355235cb7d08bee49,1575571707,2019-12-05 18:48:27,Bought,0x2baf1556a3924948a10ab51f24d965480f397843,Sandbox's LANDs,88719,ERC721,1,0.4 ETH ($59.34400000000001),Opensea
0xc387b9915546e1245d03f30fdcd2ae545063048640d73212f06cef9b2552a0d6,1575575352,2019-12-05 19:49:12,Bought,0x2baf1556a3924948a10ab51f24d965480f397843,Sandbox's LANDs,107898,ERC721,1,0.3333333333333333 ETH ($49.45333333333333),Opensea
0xc387b9915546e1245d03f30fdcd2ae545063048640d73212f06cef9b2552a0d6,1575575352,2019-12-05 19:49:12,Bought,0x2baf1556a3924948a10ab51f24d965480f397843,Sandbox's LANDs,107899,ERC721,1,0.3333333333333333 ETH ($49.45333333333333),Opensea
0xc387b9915546e1245d03f30fdcd2ae545063048640d73212f06cef9b2552a0d6,1575575352,2019-12-05 19:49:12,Bought,0x2baf1556a3924948a10ab51f24d965480f397843,Sandbox's LANDs,107900,ERC721,1,0.3333333333333333 ETH ($49.45333333333333),Opensea
0xc387b9915546e1245d03f30fdcd2ae545063048640d73212f06cef9b2552a0d6,1575575352,2019-12-05 19:49:12,Bought,0x2baf1556a3924948a10ab51f24d965480f397843,Sandbox's LANDs,108306,ERC721,1,0.3333333333333333 ETH ($49.45333333333333),Opensea
0xc387b9915546e1245d03f30fdcd2ae545063048640d73212f06cef9b2552a0d6,1575575352,2019-12-05 19:49:12,Bought,0x2baf1556a3924948a10ab51f24d965480f397843,Sandbox's LANDs,108307,ERC721,1,0.3333333333333333 ETH ($49.45333333333333),Opensea
0xc387b9915546e1245d03f30fdcd2ae545063048640d73212f06cef9b2552a0d6,1575575352,2019-12-05 19:49:12,Bought,0x2baf1556a3924948a10ab51f24d965480f397843,Sandbox's LANDs,108308,ERC721,1,0.3333333333333333 ETH ($49.45333333333333),Opensea
0xc387b9915546e1245d03f30fdcd2ae545063048640d73212f06cef9b2552a0d6,1575575352,2019-12-05 19:49:12,Bought,0x2baf1556a3924948a10ab51f24d965480f397843,Sandbox's LANDs,108714,ERC721,1,0.3333333333333333 ETH ($49.45333333333333),Opensea
0xc387b9915546e1245d03f30fdcd2ae545063048640d73212f06cef9b2552a0d6,1575575352,2019-12-05 19:49:12,Bought,0x2baf1556a3924948a10ab51f24d965480f397843,Sandbox's LANDs,108715,ERC721,1,0.3333333333333333 ETH ($49.45333333333333),Opensea
0xc387b9915546e1245d03f30fdcd2ae545063048640d73212f06cef9b2552a0d6,1575575352,2019-12-05 19:49:12,Bought,0x2baf1556a3924948a10ab51f24d965480f397843,Sandbox's LANDs,108716,ERC721,1,0.3333333333333333 ETH ($49.45333333333333),Opensea
0x8b43ed64a368c9e8f5f386f1196c1d321cbd19d3218681702037e68c28949ad5,1575588770,2019-12-05 23:32:50,Bought,0xde095cf19e81d911fc3f0719d836baa80f86fe15,Sandbox's LANDs,106650,ERC721,1,0.29444444444444445 ETH ($43.683777777777784),Opensea
0x8b43ed64a368c9e8f5f386f1196c1d321cbd19d3218681702037e68c28949ad5,1575588770,2019-12-05 23:32:50,Bought,0xde095cf19e81d911fc3f0719d836baa80f86fe15,Sandbox's LANDs,106651,ERC721,1,0.29444444444444445 ETH ($43.683777777777784),Opensea
0x8b43ed64a368c9e8f5f386f1196c1d321cbd19d3218681702037e68c28949ad5,1575588770,2019-12-05 23:32:50,Bought,0xde095cf19e81d911fc3f0719d836baa80f86fe15,Sandbox's LANDs,106652,ERC721,1,0.29444444444444445 ETH ($43.683777777777784),Opensea
0x8b43ed64a368c9e8f5f386f1196c1d321cbd19d3218681702037e68c28949ad5,1575588770,2019-12-05 23:32:50,Bought,0xde095cf19e81d911fc3f0719d836baa80f86fe15,Sandbox's LANDs,107058,ERC721,1,0.29444444444444445 ETH ($43.683777777777784),Opensea
0x8b43ed64a368c9e8f5f386f1196c1d321cbd19d3218681702037e68c28949ad5,1575588770,2019-12-05 23:32:50,Bought,0xde095cf19e81d911fc3f0719d836baa80f86fe15,Sandbox's LANDs,107059,ERC721,1,0.29444444444444445 ETH ($43.683777777777784),Opensea
0x8b43ed64a368c9e8f5f386f1196c1d321cbd19d3218681702037e68c28949ad5,1575588770,2019-12-05 23:32:50,Bought,0xde095cf19e81d911fc3f0719d836baa80f86fe15,Sandbox's LANDs,107060,ERC721,1,0.29444444444444445 ETH ($43.683777777777784),Opensea
0x8b43ed64a368c9e8f5f386f1196c1d321cbd19d3218681702037e68c28949ad5,1575588770,2019-12-05 23:32:50,Bought,0xde095cf19e81d911fc3f0719d836baa80f86fe15,Sandbox's LANDs,107466,ERC721,1,0.29444444444444445 ETH ($43.683777777777784),Opensea
0x8b43ed64a368c9e8f5f386f1196c1d321cbd19d3218681702037e68c28949ad5,1575588770,2019-12-05 23:32:50,Bought,0xde095cf19e81d911fc3f0719d836baa80f86fe15,Sandbox's LANDs,107467,ERC721,1,0.29444444444444445 ETH ($43.683777777777784),Opensea
0x8b43ed64a368c9e8f5f386f1196c1d321cbd19d3218681702037e68c28949ad5,1575588770,2019-12-05 23:32:50,Bought,0xde095cf19e81d911fc3f0719d836baa80f86fe15,Sandbox's LANDs,107468,ERC721,1,0.29444444444444445 ETH ($43.683777777777784),Opensea
0xdb87af25ca7660c18ca25dc051d83dc0de3666aaf995e48a0d136f3487301e80,1575593242,2019-12-06 00:47:22,Bought,0xc9a9178c925db8974952c2d58b8c9742023d918f,Sandbox's LANDs,97275,ERC721,1,0.4 ETH ($59.624),Opensea
0x1e2f996694331ce0769266074f7c1ab8c3f83712429a3d23dcd127e8f6ed4421,1575633517,2019-12-06 11:58:37,Bought,0x4f31a624a3efb2bbd76ea5e1c20aafc51f22a82b,Sandbox's LANDs,98929,ERC721,1,0.4 ETH ($59.624),Opensea
0x1433298c80a0d199a2296e28244758897201d20fcf308acfff38fb0bfd21c542,1575643275,2019-12-06 14:41:15,Bought,0x51c18217fd5cd24bff32f272eff9f2cac6a0dd32,Sandbox's LANDs,102600,ERC721,1,0.348 ETH ($51.872879999999995),Opensea
0xc4ae5b3eca9500fff85df7b7704dce6763897f552813a7f09be9ab14743a4f4a,1575644741,2019-12-06 15:05:41,Bought,0xcb7e9e305fa4afa4cf5b414120c560ad3ed75a53,Sandbox's LANDs,86682,ERC721,1,0.448 ETH ($66.77888),Opensea
0xb9d821fc0c44dc6f3f9f3094ee351457fcd92d8797b0641efec898c70cd3edf6,1575645968,2019-12-06 15:26:08,Bought,0xb78e3e8bd36b3228322d0a9d3271b5fbb7997fa3,Sandbox's LANDs,97697,ERC721,1,0.348 ETH ($51.872879999999995),Opensea
0xfed75e819c6d49883607a1a039755b501afe9d325bae0123e4d7282a6422463d,1575652824,2019-12-06 17:20:24,Bought,0xe6be2096dbe9560cfb01b45804514d075d6585bc,Sandbox's LANDs,97685,ERC721,1,0.348 ETH ($51.872879999999995),Opensea
0xd2109133ea614560d4dc4b09055557ecd857710cbdad1a7ab389cedcc54cb528,1575652998,2019-12-06 17:23:18,Bought,0xe6be2096dbe9560cfb01b45804514d075d6585bc,Sandbox's LANDs,96033,ERC721,1,0.35 ETH ($52.171),Opensea
0x3b5b754780cfc97e97d7a3bf21904f1e65515e161b11813b77a67f627e2ef623,1575665219,2019-12-06 20:46:59,Bought,0xa90907d49f86500d91a664ef7a66d9d35ff6fc5c,Sandbox's LANDs,106647,ERC721,1,0.34 ETH ($50.680400000000006),Opensea
0x83aa35735a3a7cc0e133c8e0bb9336fda83f563fa472969a5a6ef067bd8c8dc8,1575687484,2019-12-07 02:58:04,Bought,0x2ee92c196d63f2313a52c4bb48f427361460636b,Sandbox's LANDs,89955,ERC721,1,0.6 ETH ($88.512),Opensea
0xd299576533e362edab3bf2aef9c0591a489868372f81769ff77d0366f821443a,1575728960,2019-12-07 14:29:20,Bought,0x672817a6f2a7565c4dd7ff5294446d058225cc85,Sandbox's LANDs,90353,ERC721,1,0.398 ETH ($58.71296000000001),Opensea
0x430e2653a55d10508d7417576c104b53fe3abf163a9b0d1437677b4e2e533d12,1575801610,2019-12-08 10:40:10,Bought,0x288def8225b9e150dc8789e5291cfc5c7e35eb35,Sandbox's LANDs,97675,ERC721,1,0.4 ETH ($60.376000000000005),Opensea
0x4005160c1b961904064b91cdeaf144a0bd9c420e6215d3ea804cdc319f9c6a08,1575861869,2019-12-09 03:24:29,Bought,0x3ef342908f3a8b20127bda3a11ad7a62adbfad5c,Sandbox's LANDs,87066,ERC721,1,0.35 ETH ($51.6355),Opensea
0x4005160c1b961904064b91cdeaf144a0bd9c420e6215d3ea804cdc319f9c6a08,1575861869,2019-12-09 03:24:29,Bought,0x3ef342908f3a8b20127bda3a11ad7a62adbfad5c,Sandbox's LANDs,87067,ERC721,1,0.35 ETH ($51.6355),Opensea
0x4005160c1b961904064b91cdeaf144a0bd9c420e6215d3ea804cdc319f9c6a08,1575861869,2019-12-09 03:24:29,Bought,0x3ef342908f3a8b20127bda3a11ad7a62adbfad5c,Sandbox's LANDs,87068,ERC721,1,0.35 ETH ($51.6355),Opensea
0x4005160c1b961904064b91cdeaf144a0bd9c420e6215d3ea804cdc319f9c6a08,1575861869,2019-12-09 03:24:29,Bought,0x3ef342908f3a8b20127bda3a11ad7a62adbfad5c,Sandbox's LANDs,87474,ERC721,1,0.35 ETH ($51.6355),Opensea
0x4656bf8f3c1e865392d6644079d5574931604dc1dd086ef318142b8bab348fc0,1575937875,2019-12-10 00:31:15,Bought,0x99ec37c145060fe7ee9e346c3d40cb7fd28ed80f,Sandbox's LANDs,94845,ERC721,1,0.35 ETH ($51.01599999999999),Opensea
0xf260c67fbb5e3c98f71d63e0396bf1d9be4cb0f4db3bda64e07e3b5c14c12829,1575938073,2019-12-10 00:34:33,Bought,0x99ec37c145060fe7ee9e346c3d40cb7fd28ed80f,Sandbox's LANDs,94846,ERC721,1,0.4 ETH ($58.304),Opensea
0x395bc18a4e935c8d04a72618d3e35356494dce3d16ec309f24909d5af2b7582f,1575960145,2019-12-10 06:42:25,Bought,0xa096b47ebf7727d01ff4f09c34fc6591f2c375f0,Sandbox's LANDs,88708,ERC721,1,0.35 ETH ($51.01599999999999),Opensea
0x88af11c2aea37dd6da3d50928f650d96352bf8c33531d03d76f77249b7238c38,1575960145,2019-12-10 06:42:25,Bought,0xa096b47ebf7727d01ff4f09c34fc6591f2c375f0,Sandbox's LANDs,89115,ERC721,1,0.35 ETH ($51.01599999999999),Opensea
0x4074af96800072e6bfd21e93d8ccc024cdaac042fc26478e061d9f0d74dc05f2,1575964953,2019-12-10 08:02:33,Bought,0x6df17656a08553de3387067b4606df5c00e24ff4,Sandbox's LANDs,88720,ERC721,1,0.4 ETH ($58.304),Opensea
0x8e64f74d58a1f44cf49976d59691eec3af698161cc7eaf8bc352f510c9032d56,1576122280,2019-12-12 03:44:40,Bought,0x672817a6f2a7565c4dd7ff5294446d058225cc85,Sandbox's LANDs,88302,ERC721,1,0.33 ETH ($47.8005),Opensea
0xc585c4dc28c2de65850e94261d7debb51383e2200e1a84848b4ccda6720062d8,1576122385,2019-12-12 03:46:25,Bought,0x672817a6f2a7565c4dd7ff5294446d058225cc85,Sandbox's LANDs,88300,ERC721,1,0.32 ETH ($46.352),Opensea
0x8768e6c562ee3f5a171200b26c6868ee6e6d20dcf07a366af70b310f20509686,1576122441,2019-12-12 03:47:21,Bought,0x672817a6f2a7565c4dd7ff5294446d058225cc85,Sandbox's LANDs,88299,ERC721,1,0.32 ETH ($46.352),Opensea
0xb296810400eb0fdf540f592da2dfb3275f9abcae41bd128835fb61489a02520a,1576149989,2019-12-12 11:26:29,Bought,0x9243ce100ac4deefed10e3644223d7c2753d65f7,Sandbox's LANDs,93595,ERC721,1,0.25 ETH ($36.2125),Opensea
0xb296810400eb0fdf540f592da2dfb3275f9abcae41bd128835fb61489a02520a,1576149989,2019-12-12 11:26:29,Bought,0x9243ce100ac4deefed10e3644223d7c2753d65f7,Sandbox's LANDs,94003,ERC721,1,0.25 ETH ($36.2125),Opensea
0xdff8497b8d01be31cd07af71760ad90ffd5bfcf6cc3186e47ddf06dac669a3b9,1576248301,2019-12-13 14:45:01,Bought,0xd2af803ad747ea12acf5ae468056703ae48785b5,Sandbox's LANDs,90726,ERC721,1,0.2619047619047619 ETH ($37.94214285714286),Opensea
0xdff8497b8d01be31cd07af71760ad90ffd5bfcf6cc3186e47ddf06dac669a3b9,1576248301,2019-12-13 14:45:01,Bought,0xd2af803ad747ea12acf5ae468056703ae48785b5,Sandbox's LANDs,90727,ERC721,1,0.2619047619047619 ETH ($37.94214285714286),Opensea
0xdff8497b8d01be31cd07af71760ad90ffd5bfcf6cc3186e47ddf06dac669a3b9,1576248301,2019-12-13 14:45:01,Bought,0xd2af803ad747ea12acf5ae468056703ae48785b5,Sandbox's LANDs,90728,ERC721,1,0.2619047619047619 ETH ($37.94214285714286),Opensea
0xdff8497b8d01be31cd07af71760ad90ffd5bfcf6cc3186e47ddf06dac669a3b9,1576248301,2019-12-13 14:45:01,Bought,0xd2af803ad747ea12acf5ae468056703ae48785b5,Sandbox's LANDs,91134,ERC721,1,0.2619047619047619 ETH ($37.94214285714286),Opensea
0xdff8497b8d01be31cd07af71760ad90ffd5bfcf6cc3186e47ddf06dac669a3b9,1576248301,2019-12-13 14:45:01,Bought,0xd2af803ad747ea12acf5ae468056703ae48785b5,Sandbox's LANDs,91135,ERC721,1,0.2619047619047619 ETH ($37.94214285714286),Opensea
0xdff8497b8d01be31cd07af71760ad90ffd5bfcf6cc3186e47ddf06dac669a3b9,1576248301,2019-12-13 14:45:01,Bought,0xd2af803ad747ea12acf5ae468056703ae48785b5,Sandbox's LANDs,91136,ERC721,1,0.2619047619047619 ETH ($37.94214285714286),Opensea
0xdff8497b8d01be31cd07af71760ad90ffd5bfcf6cc3186e47ddf06dac669a3b9,1576248301,2019-12-13 14:45:01,Bought,0xd2af803ad747ea12acf5ae468056703ae48785b5,Sandbox's LANDs,91542,ERC721,1,0.2619047619047619 ETH ($37.94214285714286),Opensea
0xdff8497b8d01be31cd07af71760ad90ffd5bfcf6cc3186e47ddf06dac669a3b9,1576248301,2019-12-13 14:45:01,Bought,0xd2af803ad747ea12acf5ae468056703ae48785b5,Sandbox's LANDs,91543,ERC721,1,0.2619047619047619 ETH ($37.94214285714286),Opensea
0xdff8497b8d01be31cd07af71760ad90ffd5bfcf6cc3186e47ddf06dac669a3b9,1576248301,2019-12-13 14:45:01,Bought,0xd2af803ad747ea12acf5ae468056703ae48785b5,Sandbox's LANDs,91544,ERC721,1,0.2619047619047619 ETH ($37.94214285714286),Opensea
0xdff8497b8d01be31cd07af71760ad90ffd5bfcf6cc3186e47ddf06dac669a3b9,1576248301,2019-12-13 14:45:01,Bought,0xd2af803ad747ea12acf5ae468056703ae48785b5,Sandbox's LANDs,91950,ERC721,1,0.2619047619047619 ETH ($37.94214285714286),Opensea
0xdff8497b8d01be31cd07af71760ad90ffd5bfcf6cc3186e47ddf06dac669a3b9,1576248301,2019-12-13 14:45:01,Bought,0xd2af803ad747ea12acf5ae468056703ae48785b5,Sandbox's LANDs,91951,ERC721,1,0.2619047619047619 ETH ($37.94214285714286),Opensea
0xdff8497b8d01be31cd07af71760ad90ffd5bfcf6cc3186e47ddf06dac669a3b9,1576248301,2019-12-13 14:45:01,Bought,0xd2af803ad747ea12acf5ae468056703ae48785b5,Sandbox's LANDs,91952,ERC721,1,0.2619047619047619 ETH ($37.94214285714286),Opensea
0xdff8497b8d01be31cd07af71760ad90ffd5bfcf6cc3186e47ddf06dac669a3b9,1576248301,2019-12-13 14:45:01,Bought,0xd2af803ad747ea12acf5ae468056703ae48785b5,Sandbox's LANDs,91953,ERC721,1,0.2619047619047619 ETH ($37.94214285714286),Opensea
0xdff8497b8d01be31cd07af71760ad90ffd5bfcf6cc3186e47ddf06dac669a3b9,1576248301,2019-12-13 14:45:01,Bought,0xd2af803ad747ea12acf5ae468056703ae48785b5,Sandbox's LANDs,91954,ERC721,1,0.2619047619047619 ETH ($37.94214285714286),Opensea
0xdff8497b8d01be31cd07af71760ad90ffd5bfcf6cc3186e47ddf06dac669a3b9,1576248301,2019-12-13 14:45:01,Bought,0xd2af803ad747ea12acf5ae468056703ae48785b5,Sandbox's LANDs,91955,ERC721,1,0.2619047619047619 ETH ($37.94214285714286),Opensea
0xdff8497b8d01be31cd07af71760ad90ffd5bfcf6cc3186e47ddf06dac669a3b9,1576248301,2019-12-13 14:45:01,Bought,0xd2af803ad747ea12acf5ae468056703ae48785b5,Sandbox's LANDs,92358,ERC721,1,0.2619047619047619 ETH ($37.94214285714286),Opensea
0xdff8497b8d01be31cd07af71760ad90ffd5bfcf6cc3186e47ddf06dac669a3b9,1576248301,2019-12-13 14:45:01,Bought,0xd2af803ad747ea12acf5ae468056703ae48785b5,Sandbox's LANDs,92359,ERC721,1,0.2619047619047619 ETH ($37.94214285714286),Opensea
0xdff8497b8d01be31cd07af71760ad90ffd5bfcf6cc3186e47ddf06dac669a3b9,1576248301,2019-12-13 14:45:01,Bought,0xd2af803ad747ea12acf5ae468056703ae48785b5,Sandbox's LANDs,92360,ERC721,1,0.2619047619047619 ETH ($37.94214285714286),Opensea
0xdff8497b8d01be31cd07af71760ad90ffd5bfcf6cc3186e47ddf06dac669a3b9,1576248301,2019-12-13 14:45:01,Bought,0xd2af803ad747ea12acf5ae468056703ae48785b5,Sandbox's LANDs,92361,ERC721,1,0.2619047619047619 ETH ($37.94214285714286),Opensea
0xdff8497b8d01be31cd07af71760ad90ffd5bfcf6cc3186e47ddf06dac669a3b9,1576248301,2019-12-13 14:45:01,Bought,0xd2af803ad747ea12acf5ae468056703ae48785b5,Sandbox's LANDs,92362,ERC721,1,0.2619047619047619 ETH ($37.94214285714286),Opensea
0xdff8497b8d01be31cd07af71760ad90ffd5bfcf6cc3186e47ddf06dac669a3b9,1576248301,2019-12-13 14:45:01,Bought,0xd2af803ad747ea12acf5ae468056703ae48785b5,Sandbox's LANDs,92363,ERC721,1,0.2619047619047619 ETH ($37.94214285714286),Opensea
0xcda31e658e4cf51cdc933ba15077b31ee6cb822bb73089c0ef162a349c95ef0b,1576249284,2019-12-13 15:01:24,Bought,0xd2af803ad747ea12acf5ae468056703ae48785b5,Sandbox's LANDs,93210,ERC721,1,0.5555555555555556 ETH ($80.48333333333333),Opensea
0xcda31e658e4cf51cdc933ba15077b31ee6cb822bb73089c0ef162a349c95ef0b,1576249284,2019-12-13 15:01:24,Bought,0xd2af803ad747ea12acf5ae468056703ae48785b5,Sandbox's LANDs,93211,ERC721,1,0.5555555555555556 ETH ($80.48333333333333),Opensea
0xcda31e658e4cf51cdc933ba15077b31ee6cb822bb73089c0ef162a349c95ef0b,1576249284,2019-12-13 15:01:24,Bought,0xd2af803ad747ea12acf5ae468056703ae48785b5,Sandbox's LANDs,93212,ERC721,1,0.5555555555555556 ETH ($80.48333333333333),Opensea
0xcda31e658e4cf51cdc933ba15077b31ee6cb822bb73089c0ef162a349c95ef0b,1576249284,2019-12-13 15:01:24,Bought,0xd2af803ad747ea12acf5ae468056703ae48785b5,Sandbox's LANDs,93618,ERC721,1,0.5555555555555556 ETH ($80.48333333333333),Opensea
0xcda31e658e4cf51cdc933ba15077b31ee6cb822bb73089c0ef162a349c95ef0b,1576249284,2019-12-13 15:01:24,Bought,0xd2af803ad747ea12acf5ae468056703ae48785b5,Sandbox's LANDs,93619,ERC721,1,0.5555555555555556 ETH ($80.48333333333333),Opensea
0xcda31e658e4cf51cdc933ba15077b31ee6cb822bb73089c0ef162a349c95ef0b,1576249284,2019-12-13 15:01:24,Bought,0xd2af803ad747ea12acf5ae468056703ae48785b5,Sandbox's LANDs,93620,ERC721,1,0.5555555555555556 ETH ($80.48333333333333),Opensea
0xcda31e658e4cf51cdc933ba15077b31ee6cb822bb73089c0ef162a349c95ef0b,1576249284,2019-12-13 15:01:24,Bought,0xd2af803ad747ea12acf5ae468056703ae48785b5,Sandbox's LANDs,94026,ERC721,1,0.5555555555555556 ETH ($80.48333333333333),Opensea
0xcda31e658e4cf51cdc933ba15077b31ee6cb822bb73089c0ef162a349c95ef0b,1576249284,2019-12-13 15:01:24,Bought,0xd2af803ad747ea12acf5ae468056703ae48785b5,Sandbox's LANDs,94027,ERC721,1,0.5555555555555556 ETH ($80.48333333333333),Opensea
0xcda31e658e4cf51cdc933ba15077b31ee6cb822bb73089c0ef162a349c95ef0b,1576249284,2019-12-13 15:01:24,Bought,0xd2af803ad747ea12acf5ae468056703ae48785b5,Sandbox's LANDs,94028,ERC721,1,0.5555555555555556 ETH ($80.48333333333333),Opensea
0x1dc33e55beee8fca5b8a6ac1fc7dd89d1147613b57a456e09ad835c16f7c16a2,1576249334,2019-12-13 15:02:14,Bought,0xd2af803ad747ea12acf5ae468056703ae48785b5,Sandbox's LANDs,98077,ERC721,1,0.26666666666666666 ETH ($38.632),Opensea
0x1dc33e55beee8fca5b8a6ac1fc7dd89d1147613b57a456e09ad835c16f7c16a2,1576249334,2019-12-13 15:02:14,Bought,0xd2af803ad747ea12acf5ae468056703ae48785b5,Sandbox's LANDs,98078,ERC721,1,0.26666666666666666 ETH ($38.632),Opensea
0x1dc33e55beee8fca5b8a6ac1fc7dd89d1147613b57a456e09ad835c16f7c16a2,1576249334,2019-12-13 15:02:14,Bought,0xd2af803ad747ea12acf5ae468056703ae48785b5,Sandbox's LANDs,98080,ERC721,1,0.26666666666666666 ETH ($38.632),Opensea
0x1dc33e55beee8fca5b8a6ac1fc7dd89d1147613b57a456e09ad835c16f7c16a2,1576249334,2019-12-13 15:02:14,Bought,0xd2af803ad747ea12acf5ae468056703ae48785b5,Sandbox's LANDs,98484,ERC721,1,0.26666666666666666 ETH ($38.632),Opensea
0x1dc33e55beee8fca5b8a6ac1fc7dd89d1147613b57a456e09ad835c16f7c16a2,1576249334,2019-12-13 15:02:14,Bought,0xd2af803ad747ea12acf5ae468056703ae48785b5,Sandbox's LANDs,98485,ERC721,1,0.26666666666666666 ETH ($38.632),Opensea
0x1dc33e55beee8fca5b8a6ac1fc7dd89d1147613b57a456e09ad835c16f7c16a2,1576249334,2019-12-13 15:02:14,Bought,0xd2af803ad747ea12acf5ae468056703ae48785b5,Sandbox's LANDs,98486,ERC721,1,0.26666666666666666 ETH ($38.632),Opensea
0x1dc33e55beee8fca5b8a6ac1fc7dd89d1147613b57a456e09ad835c16f7c16a2,1576249334,2019-12-13 15:02:14,Bought,0xd2af803ad747ea12acf5ae468056703ae48785b5,Sandbox's LANDs,98487,ERC721,1,0.26666666666666666 ETH ($38.632),Opensea
0x1dc33e55beee8fca5b8a6ac1fc7dd89d1147613b57a456e09ad835c16f7c16a2,1576249334,2019-12-13 15:02:14,Bought,0xd2af803ad747ea12acf5ae468056703ae48785b5,Sandbox's LANDs,98488,ERC721,1,0.26666666666666666 ETH ($38.632),Opensea
0x1dc33e55beee8fca5b8a6ac1fc7dd89d1147613b57a456e09ad835c16f7c16a2,1576249334,2019-12-13 15:02:14,Bought,0xd2af803ad747ea12acf5ae468056703ae48785b5,Sandbox's LANDs,98489,ERC721,1,0.26666666666666666 ETH ($38.632),Opensea
0x1dc33e55beee8fca5b8a6ac1fc7dd89d1147613b57a456e09ad835c16f7c16a2,1576249334,2019-12-13 15:02:14,Bought,0xd2af803ad747ea12acf5ae468056703ae48785b5,Sandbox's LANDs,98892,ERC721,1,0.26666666666666666 ETH ($38.632),Opensea
0x1dc33e55beee8fca5b8a6ac1fc7dd89d1147613b57a456e09ad835c16f7c16a2,1576249334,2019-12-13 15:02:14,Bought,0xd2af803ad747ea12acf5ae468056703ae48785b5,Sandbox's LANDs,98893,ERC721,1,0.26666666666666666 ETH ($38.632),Opensea
0x1dc33e55beee8fca5b8a6ac1fc7dd89d1147613b57a456e09ad835c16f7c16a2,1576249334,2019-12-13 15:02:14,Bought,0xd2af803ad747ea12acf5ae468056703ae48785b5,Sandbox's LANDs,98895,ERC721,1,0.26666666666666666 ETH ($38.632),Opensea
0x1a93fa94e72b38391eb0894293f51b25dd7d5b1481ca23be24739c553bd36627,1576249437,2019-12-13 15:03:57,Bought,0xd2af803ad747ea12acf5ae468056703ae48785b5,Sandbox's LANDs,94434,ERC721,1,0.3333333333333333 ETH ($48.29),Opensea
0x1a93fa94e72b38391eb0894293f51b25dd7d5b1481ca23be24739c553bd36627,1576249437,2019-12-13 15:03:57,Bought,0xd2af803ad747ea12acf5ae468056703ae48785b5,Sandbox's LANDs,94435,ERC721,1,0.3333333333333333 ETH ($48.29),Opensea
0x1a93fa94e72b38391eb0894293f51b25dd7d5b1481ca23be24739c553bd36627,1576249437,2019-12-13 15:03:57,Bought,0xd2af803ad747ea12acf5ae468056703ae48785b5,Sandbox's LANDs,94436,ERC721,1,0.3333333333333333 ETH ($48.29),Opensea
0x4f20e72b5d60c317f703e312c4ebc5124aacc067937a625a9c23387474ea3972,1576249995,2019-12-13 15:13:15,Bought,0x2e044e95be6207474b381fb3721b782809cf6af8,Sandbox's LANDs,89499,ERC721,1,0.26666666666666666 ETH ($38.632),Opensea
0x4f20e72b5d60c317f703e312c4ebc5124aacc067937a625a9c23387474ea3972,1576249995,2019-12-13 15:13:15,Bought,0x2e044e95be6207474b381fb3721b782809cf6af8,Sandbox's LANDs,89500,ERC721,1,0.26666666666666666 ETH ($38.632),Opensea
0x4f20e72b5d60c317f703e312c4ebc5124aacc067937a625a9c23387474ea3972,1576249995,2019-12-13 15:13:15,Bought,0x2e044e95be6207474b381fb3721b782809cf6af8,Sandbox's LANDs,89501,ERC721,1,0.26666666666666666 ETH ($38.632),Opensea
0x4f20e72b5d60c317f703e312c4ebc5124aacc067937a625a9c23387474ea3972,1576249995,2019-12-13 15:13:15,Bought,0x2e044e95be6207474b381fb3721b782809cf6af8,Sandbox's LANDs,89907,ERC721,1,0.26666666666666666 ETH ($38.632),Opensea
0x4f20e72b5d60c317f703e312c4ebc5124aacc067937a625a9c23387474ea3972,1576249995,2019-12-13 15:13:15,Bought,0x2e044e95be6207474b381fb3721b782809cf6af8,Sandbox's LANDs,89908,ERC721,1,0.26666666666666666 ETH ($38.632),Opensea
0x4f20e72b5d60c317f703e312c4ebc5124aacc067937a625a9c23387474ea3972,1576249995,2019-12-13 15:13:15,Bought,0x2e044e95be6207474b381fb3721b782809cf6af8,Sandbox's LANDs,89909,ERC721,1,0.26666666666666666 ETH ($38.632),Opensea
0x4f20e72b5d60c317f703e312c4ebc5124aacc067937a625a9c23387474ea3972,1576249995,2019-12-13 15:13:15,Bought,0x2e044e95be6207474b381fb3721b782809cf6af8,Sandbox's LANDs,90315,ERC721,1,0.26666666666666666 ETH ($38.632),Opensea
0x4f20e72b5d60c317f703e312c4ebc5124aacc067937a625a9c23387474ea3972,1576249995,2019-12-13 15:13:15,Bought,0x2e044e95be6207474b381fb3721b782809cf6af8,Sandbox's LANDs,90316,ERC721,1,0.26666666666666666 ETH ($38.632),Opensea
0x4f20e72b5d60c317f703e312c4ebc5124aacc067937a625a9c23387474ea3972,1576249995,2019-12-13 15:13:15,Bought,0x2e044e95be6207474b381fb3721b782809cf6af8,Sandbox's LANDs,90317,ERC721,1,0.26666666666666666 ETH ($38.632),Opensea
0x2a94977210322278e3ef9a6ae070ec30dd3c6e36efcb790d10d7a4b84d17c0c0,1576272815,2019-12-13 21:33:35,Bought,0xccbe50e2990879067ff58f7647438873e5d55009,Sandbox's LANDs,93594,ERC721,1,0.26 ETH ($37.6662),Opensea
0x2a94977210322278e3ef9a6ae070ec30dd3c6e36efcb790d10d7a4b84d17c0c0,1576272815,2019-12-13 21:33:35,Bought,0xccbe50e2990879067ff58f7647438873e5d55009,Sandbox's LANDs,94002,ERC721,1,0.26 ETH ($37.6662),Opensea
0x2a94977210322278e3ef9a6ae070ec30dd3c6e36efcb790d10d7a4b84d17c0c0,1576272815,2019-12-13 21:33:35,Bought,0xccbe50e2990879067ff58f7647438873e5d55009,Sandbox's LANDs,94410,ERC721,1,0.26 ETH ($37.6662),Opensea
0x2a94977210322278e3ef9a6ae070ec30dd3c6e36efcb790d10d7a4b84d17c0c0,1576272815,2019-12-13 21:33:35,Bought,0xccbe50e2990879067ff58f7647438873e5d55009,Sandbox's LANDs,94818,ERC721,1,0.26 ETH ($37.6662),Opensea
0x2a94977210322278e3ef9a6ae070ec30dd3c6e36efcb790d10d7a4b84d17c0c0,1576272815,2019-12-13 21:33:35,Bought,0xccbe50e2990879067ff58f7647438873e5d55009,Sandbox's LANDs,95226,ERC721,1,0.26 ETH ($37.6662),Opensea
0xc0c76fc0425456df3c6d588d6250e987c5203d6b5ad4a4a7300ab2bd6f69e2d0,1576284456,2019-12-14 00:47:36,Bought,0xe59d87e5298ac2fb24c2fc55d256cb8fcb696238,Sandbox's LANDs,106648,ERC721,1,0.25 ETH ($35.5075),Opensea
0xc0c76fc0425456df3c6d588d6250e987c5203d6b5ad4a4a7300ab2bd6f69e2d0,1576284456,2019-12-14 00:47:36,Bought,0xe59d87e5298ac2fb24c2fc55d256cb8fcb696238,Sandbox's LANDs,106649,ERC721,1,0.25 ETH ($35.5075),Opensea
0xc0c76fc0425456df3c6d588d6250e987c5203d6b5ad4a4a7300ab2bd6f69e2d0,1576284456,2019-12-14 00:47:36,Bought,0xe59d87e5298ac2fb24c2fc55d256cb8fcb696238,Sandbox's LANDs,107057,ERC721,1,0.25 ETH ($35.5075),Opensea
0xc0c76fc0425456df3c6d588d6250e987c5203d6b5ad4a4a7300ab2bd6f69e2d0,1576284456,2019-12-14 00:47:36,Bought,0xe59d87e5298ac2fb24c2fc55d256cb8fcb696238,Sandbox's LANDs,107465,ERC721,1,0.25 ETH ($35.5075),Opensea
0x4bb30f2d147378c11259bdb611e6edd21b8c501468fa9e66fd2de0a5e814e33b,1576326346,2019-12-14 12:25:46,Bought,0xd2af803ad747ea12acf5ae468056703ae48785b5,Sandbox's LANDs,93192,ERC721,1,0.36666666666666664 ETH ($52.077666666666666),Opensea
0x4bb30f2d147378c11259bdb611e6edd21b8c501468fa9e66fd2de0a5e814e33b,1576326346,2019-12-14 12:25:46,Bought,0xd2af803ad747ea12acf5ae468056703ae48785b5,Sandbox's LANDs,93193,ERC721,1,0.36666666666666664 ETH ($52.077666666666666),Opensea
0x4bb30f2d147378c11259bdb611e6edd21b8c501468fa9e66fd2de0a5e814e33b,1576326346,2019-12-14 12:25:46,Bought,0xd2af803ad747ea12acf5ae468056703ae48785b5,Sandbox's LANDs,93194,ERC721,1,0.36666666666666664 ETH ($52.077666666666666),Opensea
0x4bb30f2d147378c11259bdb611e6edd21b8c501468fa9e66fd2de0a5e814e33b,1576326346,2019-12-14 12:25:46,Bought,0xd2af803ad747ea12acf5ae468056703ae48785b5,Sandbox's LANDs,93600,ERC721,1,0.36666666666666664 ETH ($52.077666666666666),Opensea
0x4bb30f2d147378c11259bdb611e6edd21b8c501468fa9e66fd2de0a5e814e33b,1576326346,2019-12-14 12:25:46,Bought,0xd2af803ad747ea12acf5ae468056703ae48785b5,Sandbox's LANDs,93601,ERC721,1,0.36666666666666664 ETH ($52.077666666666666),Opensea
0x4bb30f2d147378c11259bdb611e6edd21b8c501468fa9e66fd2de0a5e814e33b,1576326346,2019-12-14 12:25:46,Bought,0xd2af803ad747ea12acf5ae468056703ae48785b5,Sandbox's LANDs,93602,ERC721,1,0.36666666666666664 ETH ($52.077666666666666),Opensea
0x4bb30f2d147378c11259bdb611e6edd21b8c501468fa9e66fd2de0a5e814e33b,1576326346,2019-12-14 12:25:46,Bought,0xd2af803ad747ea12acf5ae468056703ae48785b5,Sandbox's LANDs,94008,ERC721,1,0.36666666666666664 ETH ($52.077666666666666),Opensea
0x4bb30f2d147378c11259bdb611e6edd21b8c501468fa9e66fd2de0a5e814e33b,1576326346,2019-12-14 12:25:46,Bought,0xd2af803ad747ea12acf5ae468056703ae48785b5,Sandbox's LANDs,94009,ERC721,1,0.36666666666666664 ETH ($52.077666666666666),Opensea
0x4bb30f2d147378c11259bdb611e6edd21b8c501468fa9e66fd2de0a5e814e33b,1576326346,2019-12-14 12:25:46,Bought,0xd2af803ad747ea12acf5ae468056703ae48785b5,Sandbox's LANDs,94010,ERC721,1,0.36666666666666664 ETH ($52.077666666666666),Opensea
0x5ae17b6ec336ee7e260b4b7e3767fd555dd1ada2d4ec40c5eeae32e0b6754a43,1576326670,2019-12-14 12:31:10,Bought,0xd2af803ad747ea12acf5ae468056703ae48785b5,Sandbox's LANDs,89128,ERC721,1,0.4 ETH ($56.812000000000005),Opensea
0x08028ee59fe8cfa41f7df1de62efff816228c9f63c890bb3e475665a19462451,1576384326,2019-12-15 04:32:06,Bought,0x05329a2a6a91bb66dac615d1426a40ae468a1255,Sandbox's LANDs,96863,ERC721,1,0.27 ETH ($38.534400000000005),Opensea
0x89399480f368884b2355f2a4063320d631882e46586170414c850f63f5bed7fb,1576391425,2019-12-15 06:30:25,Bought,0x05329a2a6a91bb66dac615d1426a40ae468a1255,Sandbox's LANDs,96047,ERC721,1,0.25 ETH ($35.68),Opensea
0x2ad6172974515264fd00d971591a0aa60754476a82f4dbf498ce7431fdbe7d64,1576392956,2019-12-15 06:55:56,Bought,0x9243ce100ac4deefed10e3644223d7c2753d65f7,Sandbox's LANDs,89505,ERC721,1,0.275 ETH ($39.248000000000005),Opensea
0x2ad6172974515264fd00d971591a0aa60754476a82f4dbf498ce7431fdbe7d64,1576392956,2019-12-15 06:55:56,Bought,0x9243ce100ac4deefed10e3644223d7c2753d65f7,Sandbox's LANDs,89506,ERC721,1,0.275 ETH ($39.248000000000005),Opensea
0x2ad6172974515264fd00d971591a0aa60754476a82f4dbf498ce7431fdbe7d64,1576392956,2019-12-15 06:55:56,Bought,0x9243ce100ac4deefed10e3644223d7c2753d65f7,Sandbox's LANDs,89914,ERC721,1,0.275 ETH ($39.248000000000005),Opensea
0x2ad6172974515264fd00d971591a0aa60754476a82f4dbf498ce7431fdbe7d64,1576392956,2019-12-15 06:55:56,Bought,0x9243ce100ac4deefed10e3644223d7c2753d65f7,Sandbox's LANDs,90322,ERC721,1,0.275 ETH ($39.248000000000005),Opensea
0x120b380ba76deb323e1c1547edb72e014c34d9fd90f48b53434768b8fe9dd232,1576509089,2019-12-16 15:11:29,Bought,0xd2af803ad747ea12acf5ae468056703ae48785b5,Sandbox's LANDs,89948,ERC721,1,0.38 ETH ($50.5058),Opensea
0x31e6493f49c7271b2b9f8a8eba0b5d87bcc265fab5ea5b1a49170e6ec9c49c06,1576509731,2019-12-16 15:22:11,Bought,0xd2af803ad747ea12acf5ae468056703ae48785b5,Sandbox's LANDs,87094,ERC721,1,1 ETH ($132.91),Opensea
0x0250e5a6cf8b7b47120a94bbc2a066a55add43857d1be2ded2e80e7654dd2b3a,1576509763,2019-12-16 15:22:43,Bought,0xd2af803ad747ea12acf5ae468056703ae48785b5,Sandbox's LANDs,87093,ERC721,1,1 ETH ($132.91),Opensea
0x79f06d25a3eaf00b191ef0bbefa6d09775464cf70d58fcae2365cba66f8c1b5d,1576509793,2019-12-16 15:23:13,Bought,0xd2af803ad747ea12acf5ae468056703ae48785b5,Sandbox's LANDs,86686,ERC721,1,1 ETH ($132.91),Opensea
0x02d81e9eda311c72d34c25c9106531bd51fcb0e6f3cbd9f1e17459c2b8ffecaf,1576509793,2019-12-16 15:23:13,Bought,0xd2af803ad747ea12acf5ae468056703ae48785b5,Sandbox's LANDs,86685,ERC721,1,1 ETH ($132.91),Opensea
0x2aba07885d50afff0c35c5013b5752dea638f49fc5d11ea2acc83ca79a35c21f,1576509842,2019-12-16 15:24:02,Bought,0xd2af803ad747ea12acf5ae468056703ae48785b5,Sandbox's LANDs,86277,ERC721,1,1 ETH ($132.91),Opensea
0x2aba07885d50afff0c35c5013b5752dea638f49fc5d11ea2acc83ca79a35c21f,1576509842,2019-12-16 15:24:02,Bought,0xd2af803ad747ea12acf5ae468056703ae48785b5,Sandbox's LANDs,86277,ERC721,1,1 ETH ($132.91),Opensea
0xfcf766604e52e026ca16130a14784bae779bbdd89909b8b1d2369ace0e857124,1576509848,2019-12-16 15:24:08,Bought,0xd2af803ad747ea12acf5ae468056703ae48785b5,Sandbox's LANDs,86278,ERC721,1,1 WETH ($132.91),Opensea
0x907e97c00c1a580a3465be1dbceb923780da9c4ab5ee7bbfe860c2a02c2834c3,1576510343,2019-12-16 15:32:23,Bid Won,0xd2af803ad747ea12acf5ae468056703ae48785b5,Sandbox's LANDs,86276,ERC721,1,1 WETH ($132.91),Opensea
0xf8609a092a25b0f48287250e7f2e5e164e71720a23954c9bfd4cdde79e1f201c,1576528167,2019-12-16 20:29:27,Bid Won,0xd2af803ad747ea12acf5ae468056703ae48785b5,Sandbox's LANDs,86684,ERC721,1,1 WETH ($132.91),Opensea
0x1cf054142b9e6c9dbf65579b833426bf0bb0ca83183c6d8a01f6484f56ce1681,1576528194,2019-12-16 20:29:54,Bid Won,0xd2af803ad747ea12acf5ae468056703ae48785b5,Sandbox's LANDs,87092,ERC721,1,1 ETH ($132.91),Opensea
0x3c6a0e1ffe7d4988ca479007da120636f38aebd242a3e8bd017fef7b37c76c21,1576538986,2019-12-16 23:29:46,Bought,0x672817a6f2a7565c4dd7ff5294446d058225cc85,Sandbox's LANDs,89937,ERC721,1,0.36 ETH ($47.8476),Opensea
0x094451a6788beacdac260bb0182157370a53382e61ade82bfa9703f25d5a7346,1576542335,2019-12-17 00:25:35,Bought,0x672817a6f2a7565c4dd7ff5294446d058225cc85,Sandbox's LANDs,89938,ERC721,1,0.35 ETH ($42.780499999999996),Opensea
0x609167ea0743d322ca0b8fc4db2baa9ac8adf30eb0a73288426c945d8585eba6,1576542992,2019-12-17 00:36:32,Bought,0x93811dabfbee9736035025cba91491d7747cfd47,Sandbox's LANDs,93998,ERC721,1,0.27 ETH ($33.002100000000006),Opensea
0xde128e2e5c05f6bd385058b623d1453b21c5987063441cbd2ecb2e5aa1942e18,1576583531,2019-12-17 11:52:11,Bought,0xe32c5673b152571e57976bf3a75068917da2da9c,Sandbox's LANDs,106644,ERC721,1,0.27 ETH ($33.002100000000006),Opensea
0xde128e2e5c05f6bd385058b623d1453b21c5987063441cbd2ecb2e5aa1942e18,1576583531,2019-12-17 11:52:11,Bought,0xe32c5673b152571e57976bf3a75068917da2da9c,Sandbox's LANDs,107052,ERC721,1,0.27 ETH ($33.002100000000006),Opensea
0x3d53efe841ea0132148d16548f4d039382ca6a7369b9834c1bcf6e250eedccef,1576615294,2019-12-17 20:41:34,Bought,0x076e89fe9e24c191ebee53cceec5356600c8d059,Sandbox's LANDs,104234,ERC721,1,0.32 ETH ($39.113600000000005),Opensea
0x7c7e878bdcdccefeddf43c113f433d653a5066ba38b247c5436b346fb0d9485c,1576636766,2019-12-18 02:39:26,Bought,0x442dccee68425828c106a3662014b4f131e3bd9b,Sandbox's LANDs,100968,ERC721,1,0.32 ETH ($42.6016),Opensea
0xd088a609ac7b8739cfa9a707673ef2e45a28e453a2efe695ddb676045dabad57,1576638933,2019-12-18 03:15:33,Bought,0x672817a6f2a7565c4dd7ff5294446d058225cc85,Sandbox's LANDs,88707,ERC721,1,0.27 ETH ($35.945100000000004),Opensea
0xfe65fdaef301559c9d24e400c7c7fa292cf328c6c74f8ee77a6d63209ea342eb,1576657880,2019-12-18 08:31:20,Bought,0xc06d1c46cb72c54f36f98c0859e68cbe5a5aa048,Sandbox's LANDs,89915,ERC721,1,0.245 ETH ($32.61685),Opensea
0x7a348594cd813e38d1303578211ecb0a490199e98183764c4e47ef9f5d491c94,1576668651,2019-12-18 11:30:51,Bought,0x9243ce100ac4deefed10e3644223d7c2753d65f7,Sandbox's LANDs,107901,ERC721,1,0.23888888888888887 ETH ($31.803277777777776),Opensea
0x7a348594cd813e38d1303578211ecb0a490199e98183764c4e47ef9f5d491c94,1576668651,2019-12-18 11:30:51,Bought,0x9243ce100ac4deefed10e3644223d7c2753d65f7,Sandbox's LANDs,107902,ERC721,1,0.23888888888888887 ETH ($31.803277777777776),Opensea
0x7a348594cd813e38d1303578211ecb0a490199e98183764c4e47ef9f5d491c94,1576668651,2019-12-18 11:30:51,Bought,0x9243ce100ac4deefed10e3644223d7c2753d65f7,Sandbox's LANDs,107903,ERC721,1,0.23888888888888887 ETH ($31.803277777777776),Opensea
0x7a348594cd813e38d1303578211ecb0a490199e98183764c4e47ef9f5d491c94,1576668651,2019-12-18 11:30:51,Bought,0x9243ce100ac4deefed10e3644223d7c2753d65f7,Sandbox's LANDs,108309,ERC721,1,0.23888888888888887 ETH ($31.803277777777776),Opensea
0x7a348594cd813e38d1303578211ecb0a490199e98183764c4e47ef9f5d491c94,1576668651,2019-12-18 11:30:51,Bought,0x9243ce100ac4deefed10e3644223d7c2753d65f7,Sandbox's LANDs,108310,ERC721,1,0.23888888888888887 ETH ($31.803277777777776),Opensea
0x7a348594cd813e38d1303578211ecb0a490199e98183764c4e47ef9f5d491c94,1576668651,2019-12-18 11:30:51,Bought,0x9243ce100ac4deefed10e3644223d7c2753d65f7,Sandbox's LANDs,108311,ERC721,1,0.23888888888888887 ETH ($31.803277777777776),Opensea
0x7a348594cd813e38d1303578211ecb0a490199e98183764c4e47ef9f5d491c94,1576668651,2019-12-18 11:30:51,Bought,0x9243ce100ac4deefed10e3644223d7c2753d65f7,Sandbox's LANDs,108717,ERC721,1,0.23888888888888887 ETH ($31.803277777777776),Opensea
0x7a348594cd813e38d1303578211ecb0a490199e98183764c4e47ef9f5d491c94,1576668651,2019-12-18 11:30:51,Bought,0x9243ce100ac4deefed10e3644223d7c2753d65f7,Sandbox's LANDs,108718,ERC721,1,0.23888888888888887 ETH ($31.803277777777776),Opensea
0x7a348594cd813e38d1303578211ecb0a490199e98183764c4e47ef9f5d491c94,1576668651,2019-12-18 11:30:51,Bought,0x9243ce100ac4deefed10e3644223d7c2753d65f7,Sandbox's LANDs,108719,ERC721,1,0.23888888888888887 ETH ($31.803277777777776),Opensea
0xb15fa16472045fc6978a02a7aac306764a1bfe8261ee1be67e5584d715172fc7,1576774727,2019-12-19 16:58:47,Bought,0xa55857bac7c7d485713b26325d79f580c5be6377,Sandbox's LANDs,96046,ERC721,1,0.27 ETH ($34.6194),Opensea
0x3565ba51eb986afd49ff6466071bb3d37cee30f9dc7f151098f719a64eb2c1d4,1576805294,2019-12-20 01:28:14,Bought,0x1187a364dcb403897574ac135ea39549dacd8f0f,Sandbox's LANDs,91568,ERC721,1,0.36 ETH ($46.2384),Opensea
0xd4768fd7289c64f151e6b11551206d1c0b686b39475efdc2a726b347038e3bef,1576827850,2019-12-20 07:44:10,Bought,0xb3af48d951f16425d2fa5a8147ae255ed426f54d,Sandbox's LANDs,103789,ERC721,1,0.27 ETH ($34.6788),Opensea
0xd4768fd7289c64f151e6b11551206d1c0b686b39475efdc2a726b347038e3bef,1576827850,2019-12-20 07:44:10,Bought,0xb3af48d951f16425d2fa5a8147ae255ed426f54d,Sandbox's LANDs,103790,ERC721,1,0.27 ETH ($34.6788),Opensea
0xf8c4dc775bbef7065cf906754db2a891250089645e74a95e1386c4282a0d488c,1576899775,2019-12-21 03:42:55,Bought,0x8f8f7ce7472c5017b71af3e445ee2242130f9f8c,Sandbox's LANDs,97267,ERC721,1,0.27 ETH ($34.4088),Opensea
0xcab45c678221d672f733402686bf0a5e965aef1a22a70de2cda4c53b8272fde1,1576929725,2019-12-21 12:02:05,Bought,0x672817a6f2a7565c4dd7ff5294446d058225cc85,Sandbox's LANDs,94022,ERC721,1,0.3666666666666667 ETH ($46.728),Opensea
0xcab45c678221d672f733402686bf0a5e965aef1a22a70de2cda4c53b8272fde1,1576929725,2019-12-21 12:02:05,Bought,0x672817a6f2a7565c4dd7ff5294446d058225cc85,Sandbox's LANDs,94430,ERC721,1,0.3666666666666667 ETH ($46.728),Opensea
0xcab45c678221d672f733402686bf0a5e965aef1a22a70de2cda4c53b8272fde1,1576929725,2019-12-21 12:02:05,Bought,0x672817a6f2a7565c4dd7ff5294446d058225cc85,Sandbox's LANDs,94838,ERC721,1,0.3666666666666667 ETH ($46.728),Opensea
0x6b374d83ac4dfa0ab50e28d5ffa2379b23010ec32c80acda81282a6b135d8e74,1576940898,2019-12-21 15:08:18,Bought,0xccbe50e2990879067ff58f7647438873e5d55009,Sandbox's LANDs,107870,ERC721,1,0.23333333333333334 ETH ($29.736),Opensea
0x6b374d83ac4dfa0ab50e28d5ffa2379b23010ec32c80acda81282a6b135d8e74,1576940898,2019-12-21 15:08:18,Bought,0xccbe50e2990879067ff58f7647438873e5d55009,Sandbox's LANDs,107871,ERC721,1,0.23333333333333334 ETH ($29.736),Opensea
0x6b374d83ac4dfa0ab50e28d5ffa2379b23010ec32c80acda81282a6b135d8e74,1576940898,2019-12-21 15:08:18,Bought,0xccbe50e2990879067ff58f7647438873e5d55009,Sandbox's LANDs,107872,ERC721,1,0.23333333333333334 ETH ($29.736),Opensea
0x6b374d83ac4dfa0ab50e28d5ffa2379b23010ec32c80acda81282a6b135d8e74,1576940898,2019-12-21 15:08:18,Bought,0xccbe50e2990879067ff58f7647438873e5d55009,Sandbox's LANDs,107873,ERC721,1,0.23333333333333334 ETH ($29.736),Opensea
0x6b374d83ac4dfa0ab50e28d5ffa2379b23010ec32c80acda81282a6b135d8e74,1576940898,2019-12-21 15:08:18,Bought,0xccbe50e2990879067ff58f7647438873e5d55009,Sandbox's LANDs,107874,ERC721,1,0.23333333333333334 ETH ($29.736),Opensea
0x6b374d83ac4dfa0ab50e28d5ffa2379b23010ec32c80acda81282a6b135d8e74,1576940898,2019-12-21 15:08:18,Bought,0xccbe50e2990879067ff58f7647438873e5d55009,Sandbox's LANDs,108278,ERC721,1,0.23333333333333334 ETH ($29.736),Opensea
0x6b374d83ac4dfa0ab50e28d5ffa2379b23010ec32c80acda81282a6b135d8e74,1576940898,2019-12-21 15:08:18,Bought,0xccbe50e2990879067ff58f7647438873e5d55009,Sandbox's LANDs,108279,ERC721,1,0.23333333333333334 ETH ($29.736),Opensea
0x6b374d83ac4dfa0ab50e28d5ffa2379b23010ec32c80acda81282a6b135d8e74,1576940898,2019-12-21 15:08:18,Bought,0xccbe50e2990879067ff58f7647438873e5d55009,Sandbox's LANDs,108280,ERC721,1,0.23333333333333334 ETH ($29.736),Opensea
0x6b374d83ac4dfa0ab50e28d5ffa2379b23010ec32c80acda81282a6b135d8e74,1576940898,2019-12-21 15:08:18,Bought,0xccbe50e2990879067ff58f7647438873e5d55009,Sandbox's LANDs,108281,ERC721,1,0.23333333333333334 ETH ($29.736),Opensea
0x6b374d83ac4dfa0ab50e28d5ffa2379b23010ec32c80acda81282a6b135d8e74,1576940898,2019-12-21 15:08:18,Bought,0xccbe50e2990879067ff58f7647438873e5d55009,Sandbox's LANDs,108282,ERC721,1,0.23333333333333334 ETH ($29.736),Opensea
0x6b374d83ac4dfa0ab50e28d5ffa2379b23010ec32c80acda81282a6b135d8e74,1576940898,2019-12-21 15:08:18,Bought,0xccbe50e2990879067ff58f7647438873e5d55009,Sandbox's LANDs,108686,ERC721,1,0.23333333333333334 ETH ($29.736),Opensea
0x6b374d83ac4dfa0ab50e28d5ffa2379b23010ec32c80acda81282a6b135d8e74,1576940898,2019-12-21 15:08:18,Bought,0xccbe50e2990879067ff58f7647438873e5d55009,Sandbox's LANDs,108687,ERC721,1,0.23333333333333334 ETH ($29.736),Opensea
0x6b374d83ac4dfa0ab50e28d5ffa2379b23010ec32c80acda81282a6b135d8e74,1576940898,2019-12-21 15:08:18,Bought,0xccbe50e2990879067ff58f7647438873e5d55009,Sandbox's LANDs,108688,ERC721,1,0.23333333333333334 ETH ($29.736),Opensea
0x6b374d83ac4dfa0ab50e28d5ffa2379b23010ec32c80acda81282a6b135d8e74,1576940898,2019-12-21 15:08:18,Bought,0xccbe50e2990879067ff58f7647438873e5d55009,Sandbox's LANDs,108689,ERC721,1,0.23333333333333334 ETH ($29.736),Opensea
0x6b374d83ac4dfa0ab50e28d5ffa2379b23010ec32c80acda81282a6b135d8e74,1576940898,2019-12-21 15:08:18,Bought,0xccbe50e2990879067ff58f7647438873e5d55009,Sandbox's LANDs,108690,ERC721,1,0.23333333333333334 ETH ($29.736),Opensea
0x6b374d83ac4dfa0ab50e28d5ffa2379b23010ec32c80acda81282a6b135d8e74,1576940898,2019-12-21 15:08:18,Bought,0xccbe50e2990879067ff58f7647438873e5d55009,Sandbox's LANDs,109094,ERC721,1,0.23333333333333334 ETH ($29.736),Opensea
0x6b374d83ac4dfa0ab50e28d5ffa2379b23010ec32c80acda81282a6b135d8e74,1576940898,2019-12-21 15:08:18,Bought,0xccbe50e2990879067ff58f7647438873e5d55009,Sandbox's LANDs,109095,ERC721,1,0.23333333333333334 ETH ($29.736),Opensea
0x6b374d83ac4dfa0ab50e28d5ffa2379b23010ec32c80acda81282a6b135d8e74,1576940898,2019-12-21 15:08:18,Bought,0xccbe50e2990879067ff58f7647438873e5d55009,Sandbox's LANDs,109096,ERC721,1,0.23333333333333334 ETH ($29.736),Opensea
0x6b374d83ac4dfa0ab50e28d5ffa2379b23010ec32c80acda81282a6b135d8e74,1576940898,2019-12-21 15:08:18,Bought,0xccbe50e2990879067ff58f7647438873e5d55009,Sandbox's LANDs,109097,ERC721,1,0.23333333333333334 ETH ($29.736),Opensea
0x6b374d83ac4dfa0ab50e28d5ffa2379b23010ec32c80acda81282a6b135d8e74,1576940898,2019-12-21 15:08:18,Bought,0xccbe50e2990879067ff58f7647438873e5d55009,Sandbox's LANDs,109098,ERC721,1,0.23333333333333334 ETH ($29.736),Opensea
0x6b374d83ac4dfa0ab50e28d5ffa2379b23010ec32c80acda81282a6b135d8e74,1576940898,2019-12-21 15:08:18,Bought,0xccbe50e2990879067ff58f7647438873e5d55009,Sandbox's LANDs,109502,ERC721,1,0.23333333333333334 ETH ($29.736),Opensea
0x6b374d83ac4dfa0ab50e28d5ffa2379b23010ec32c80acda81282a6b135d8e74,1576940898,2019-12-21 15:08:18,Bought,0xccbe50e2990879067ff58f7647438873e5d55009,Sandbox's LANDs,109503,ERC721,1,0.23333333333333334 ETH ($29.736),Opensea
0x6b374d83ac4dfa0ab50e28d5ffa2379b23010ec32c80acda81282a6b135d8e74,1576940898,2019-12-21 15:08:18,Bought,0xccbe50e2990879067ff58f7647438873e5d55009,Sandbox's LANDs,109504,ERC721,1,0.23333333333333334 ETH ($29.736),Opensea
0x6b374d83ac4dfa0ab50e28d5ffa2379b23010ec32c80acda81282a6b135d8e74,1576940898,2019-12-21 15:08:18,Bought,0xccbe50e2990879067ff58f7647438873e5d55009,Sandbox's LANDs,109505,ERC721,1,0.23333333333333334 ETH ($29.736),Opensea
0x6b374d83ac4dfa0ab50e28d5ffa2379b23010ec32c80acda81282a6b135d8e74,1576940898,2019-12-21 15:08:18,Bought,0xccbe50e2990879067ff58f7647438873e5d55009,Sandbox's LANDs,109506,ERC721,1,0.23333333333333334 ETH ($29.736),Opensea
0x6b374d83ac4dfa0ab50e28d5ffa2379b23010ec32c80acda81282a6b135d8e74,1576940898,2019-12-21 15:08:18,Bought,0xccbe50e2990879067ff58f7647438873e5d55009,Sandbox's LANDs,109910,ERC721,1,0.23333333333333334 ETH ($29.736),Opensea
0x6b374d83ac4dfa0ab50e28d5ffa2379b23010ec32c80acda81282a6b135d8e74,1576940898,2019-12-21 15:08:18,Bought,0xccbe50e2990879067ff58f7647438873e5d55009,Sandbox's LANDs,109911,ERC721,1,0.23333333333333334 ETH ($29.736),Opensea
0x6b374d83ac4dfa0ab50e28d5ffa2379b23010ec32c80acda81282a6b135d8e74,1576940898,2019-12-21 15:08:18,Bought,0xccbe50e2990879067ff58f7647438873e5d55009,Sandbox's LANDs,109912,ERC721,1,0.23333333333333334 ETH ($29.736),Opensea
0x6b374d83ac4dfa0ab50e28d5ffa2379b23010ec32c80acda81282a6b135d8e74,1576940898,2019-12-21 15:08:18,Bought,0xccbe50e2990879067ff58f7647438873e5d55009,Sandbox's LANDs,109913,ERC721,1,0.23333333333333334 ETH ($29.736),Opensea
0x6b374d83ac4dfa0ab50e28d5ffa2379b23010ec32c80acda81282a6b135d8e74,1576940898,2019-12-21 15:08:18,Bought,0xccbe50e2990879067ff58f7647438873e5d55009,Sandbox's LANDs,109914,ERC721,1,0.23333333333333334 ETH ($29.736),Opensea
0x256b5d2471dca880575d5140bafc25dcd385c331a5d8a9f427484fd7ce9cdc47,1577199634,2019-12-24 15:00:34,Bought,0x8f8f7ce7472c5017b71af3e445ee2242130f9f8c,Sandbox's LANDs,107055,ERC721,1,0.27 ETH ($34.522200000000005),Opensea
0x36187e426cd16bede82758e357033e7a0448b6d5de691406b88ad077cb6c2f53,1577323574,2019-12-26 01:26:14,Bought,0x503a15c27c23cef0c05aae6371a4a3079e531c7d,Sandbox's LANDs,89114,ERC721,1,0.27 ETH ($33.9174),Opensea
0x52fd441ff331c91242192739abda3692c0aaa995828e0a6f6f496b234e7aa3df,1577323709,2019-12-26 01:28:29,Bought,0x503a15c27c23cef0c05aae6371a4a3079e531c7d,Sandbox's LANDs,89116,ERC721,1,0.3 ETH ($37.686),Opensea
0x16c118061b7f42581a398f8313e1a2e7400c4d59edc71643dea953aee84a43c8,1577570948,2019-12-28 22:09:08,Bought,0xbe35171887d3ba015556d664abf5792d0869796e,Sandbox's LANDs,87468,ERC721,1,0.28 ETH ($35.89040000000001),Opensea
0xd6a7e78a38408dac561d128e3cd9f5295d5cdf9d310adedb98c38e8b4f0097ec,1577897298,2020-01-01 16:48:18,Bought,0xdf6c54d14f848d1c4be972d97eb2809fe92b38a2,Sandbox's LANDs,107875,ERC721,1,0.24000000000000002 ETH ($31.3368),Opensea
0xd6a7e78a38408dac561d128e3cd9f5295d5cdf9d310adedb98c38e8b4f0097ec,1577897298,2020-01-01 16:48:18,Bought,0xdf6c54d14f848d1c4be972d97eb2809fe92b38a2,Sandbox's LANDs,107876,ERC721,1,0.24000000000000002 ETH ($31.3368),Opensea
0xd6a7e78a38408dac561d128e3cd9f5295d5cdf9d310adedb98c38e8b4f0097ec,1577897298,2020-01-01 16:48:18,Bought,0xdf6c54d14f848d1c4be972d97eb2809fe92b38a2,Sandbox's LANDs,107877,ERC721,1,0.24000000000000002 ETH ($31.3368),Opensea
0xd6a7e78a38408dac561d128e3cd9f5295d5cdf9d310adedb98c38e8b4f0097ec,1577897298,2020-01-01 16:48:18,Bought,0xdf6c54d14f848d1c4be972d97eb2809fe92b38a2,Sandbox's LANDs,107878,ERC721,1,0.24000000000000002 ETH ($31.3368),Opensea
0xd6a7e78a38408dac561d128e3cd9f5295d5cdf9d310adedb98c38e8b4f0097ec,1577897298,2020-01-01 16:48:18,Bought,0xdf6c54d14f848d1c4be972d97eb2809fe92b38a2,Sandbox's LANDs,107879,ERC721,1,0.24000000000000002 ETH ($31.3368),Opensea
0xd6a7e78a38408dac561d128e3cd9f5295d5cdf9d310adedb98c38e8b4f0097ec,1577897298,2020-01-01 16:48:18,Bought,0xdf6c54d14f848d1c4be972d97eb2809fe92b38a2,Sandbox's LANDs,108283,ERC721,1,0.24000000000000002 ETH ($31.3368),Opensea
0xd6a7e78a38408dac561d128e3cd9f5295d5cdf9d310adedb98c38e8b4f0097ec,1577897298,2020-01-01 16:48:18,Bought,0xdf6c54d14f848d1c4be972d97eb2809fe92b38a2,Sandbox's LANDs,108284,ERC721,1,0.24000000000000002 ETH ($31.3368),Opensea
0xd6a7e78a38408dac561d128e3cd9f5295d5cdf9d310adedb98c38e8b4f0097ec,1577897298,2020-01-01 16:48:18,Bought,0xdf6c54d14f848d1c4be972d97eb2809fe92b38a2,Sandbox's LANDs,108285,ERC721,1,0.24000000000000002 ETH ($31.3368),Opensea
0xd6a7e78a38408dac561d128e3cd9f5295d5cdf9d310adedb98c38e8b4f0097ec,1577897298,2020-01-01 16:48:18,Bought,0xdf6c54d14f848d1c4be972d97eb2809fe92b38a2,Sandbox's LANDs,108286,ERC721,1,0.24000000000000002 ETH ($31.3368),Opensea
0xd6a7e78a38408dac561d128e3cd9f5295d5cdf9d310adedb98c38e8b4f0097ec,1577897298,2020-01-01 16:48:18,Bought,0xdf6c54d14f848d1c4be972d97eb2809fe92b38a2,Sandbox's LANDs,108287,ERC721,1,0.24000000000000002 ETH ($31.3368),Opensea
0xd6a7e78a38408dac561d128e3cd9f5295d5cdf9d310adedb98c38e8b4f0097ec,1577897298,2020-01-01 16:48:18,Bought,0xdf6c54d14f848d1c4be972d97eb2809fe92b38a2,Sandbox's LANDs,108691,ERC721,1,0.24000000000000002 ETH ($31.3368),Opensea
0xd6a7e78a38408dac561d128e3cd9f5295d5cdf9d310adedb98c38e8b4f0097ec,1577897298,2020-01-01 16:48:18,Bought,0xdf6c54d14f848d1c4be972d97eb2809fe92b38a2,Sandbox's LANDs,108692,ERC721,1,0.24000000000000002 ETH ($31.3368),Opensea
0xd6a7e78a38408dac561d128e3cd9f5295d5cdf9d310adedb98c38e8b4f0097ec,1577897298,2020-01-01 16:48:18,Bought,0xdf6c54d14f848d1c4be972d97eb2809fe92b38a2,Sandbox's LANDs,108693,ERC721,1,0.24000000000000002 ETH ($31.3368),Opensea
0xd6a7e78a38408dac561d128e3cd9f5295d5cdf9d310adedb98c38e8b4f0097ec,1577897298,2020-01-01 16:48:18,Bought,0xdf6c54d14f848d1c4be972d97eb2809fe92b38a2,Sandbox's LANDs,108694,ERC721,1,0.24000000000000002 ETH ($31.3368),Opensea
0xd6a7e78a38408dac561d128e3cd9f5295d5cdf9d310adedb98c38e8b4f0097ec,1577897298,2020-01-01 16:48:18,Bought,0xdf6c54d14f848d1c4be972d97eb2809fe92b38a2,Sandbox's LANDs,108695,ERC721,1,0.24000000000000002 ETH ($31.3368),Opensea
0xd6a7e78a38408dac561d128e3cd9f5295d5cdf9d310adedb98c38e8b4f0097ec,1577897298,2020-01-01 16:48:18,Bought,0xdf6c54d14f848d1c4be972d97eb2809fe92b38a2,Sandbox's LANDs,109099,ERC721,1,0.24000000000000002 ETH ($31.3368),Opensea
0xd6a7e78a38408dac561d128e3cd9f5295d5cdf9d310adedb98c38e8b4f0097ec,1577897298,2020-01-01 16:48:18,Bought,0xdf6c54d14f848d1c4be972d97eb2809fe92b38a2,Sandbox's LANDs,109100,ERC721,1,0.24000000000000002 ETH ($31.3368),Opensea
0xd6a7e78a38408dac561d128e3cd9f5295d5cdf9d310adedb98c38e8b4f0097ec,1577897298,2020-01-01 16:48:18,Bought,0xdf6c54d14f848d1c4be972d97eb2809fe92b38a2,Sandbox's LANDs,109101,ERC721,1,0.24000000000000002 ETH ($31.3368),Opensea
0xd6a7e78a38408dac561d128e3cd9f5295d5cdf9d310adedb98c38e8b4f0097ec,1577897298,2020-01-01 16:48:18,Bought,0xdf6c54d14f848d1c4be972d97eb2809fe92b38a2,Sandbox's LANDs,109102,ERC721,1,0.24000000000000002 ETH ($31.3368),Opensea
0xd6a7e78a38408dac561d128e3cd9f5295d5cdf9d310adedb98c38e8b4f0097ec,1577897298,2020-01-01 16:48:18,Bought,0xdf6c54d14f848d1c4be972d97eb2809fe92b38a2,Sandbox's LANDs,109103,ERC721,1,0.24000000000000002 ETH ($31.3368),Opensea
0xd6a7e78a38408dac561d128e3cd9f5295d5cdf9d310adedb98c38e8b4f0097ec,1577897298,2020-01-01 16:48:18,Bought,0xdf6c54d14f848d1c4be972d97eb2809fe92b38a2,Sandbox's LANDs,109507,ERC721,1,0.24000000000000002 ETH ($31.3368),Opensea
0xd6a7e78a38408dac561d128e3cd9f5295d5cdf9d310adedb98c38e8b4f0097ec,1577897298,2020-01-01 16:48:18,Bought,0xdf6c54d14f848d1c4be972d97eb2809fe92b38a2,Sandbox's LANDs,109508,ERC721,1,0.24000000000000002 ETH ($31.3368),Opensea
0xd6a7e78a38408dac561d128e3cd9f5295d5cdf9d310adedb98c38e8b4f0097ec,1577897298,2020-01-01 16:48:18,Bought,0xdf6c54d14f848d1c4be972d97eb2809fe92b38a2,Sandbox's LANDs,109509,ERC721,1,0.24000000000000002 ETH ($31.3368),Opensea
0xd6a7e78a38408dac561d128e3cd9f5295d5cdf9d310adedb98c38e8b4f0097ec,1577897298,2020-01-01 16:48:18,Bought,0xdf6c54d14f848d1c4be972d97eb2809fe92b38a2,Sandbox's LANDs,109510,ERC721,1,0.24000000000000002 ETH ($31.3368),Opensea
0xd6a7e78a38408dac561d128e3cd9f5295d5cdf9d310adedb98c38e8b4f0097ec,1577897298,2020-01-01 16:48:18,Bought,0xdf6c54d14f848d1c4be972d97eb2809fe92b38a2,Sandbox's LANDs,109511,ERC721,1,0.24000000000000002 ETH ($31.3368),Opensea
0xd6a7e78a38408dac561d128e3cd9f5295d5cdf9d310adedb98c38e8b4f0097ec,1577897298,2020-01-01 16:48:18,Bought,0xdf6c54d14f848d1c4be972d97eb2809fe92b38a2,Sandbox's LANDs,109915,ERC721,1,0.24000000000000002 ETH ($31.3368),Opensea
0xd6a7e78a38408dac561d128e3cd9f5295d5cdf9d310adedb98c38e8b4f0097ec,1577897298,2020-01-01 16:48:18,Bought,0xdf6c54d14f848d1c4be972d97eb2809fe92b38a2,Sandbox's LANDs,109916,ERC721,1,0.24000000000000002 ETH ($31.3368),Opensea
0xd6a7e78a38408dac561d128e3cd9f5295d5cdf9d310adedb98c38e8b4f0097ec,1577897298,2020-01-01 16:48:18,Bought,0xdf6c54d14f848d1c4be972d97eb2809fe92b38a2,Sandbox's LANDs,109917,ERC721,1,0.24000000000000002 ETH ($31.3368),Opensea
0xd6a7e78a38408dac561d128e3cd9f5295d5cdf9d310adedb98c38e8b4f0097ec,1577897298,2020-01-01 16:48:18,Bought,0xdf6c54d14f848d1c4be972d97eb2809fe92b38a2,Sandbox's LANDs,109918,ERC721,1,0.24000000000000002 ETH ($31.3368),Opensea
0xd6a7e78a38408dac561d128e3cd9f5295d5cdf9d310adedb98c38e8b4f0097ec,1577897298,2020-01-01 16:48:18,Bought,0xdf6c54d14f848d1c4be972d97eb2809fe92b38a2,Sandbox's LANDs,109919,ERC721,1,0.24000000000000002 ETH ($31.3368),Opensea
0xf76a5181ef7c672e9e43471bb919e4d9b19e65886883afe9444dc40ba0a52e5e,1578072961,2020-01-03 17:36:01,Bought,0x6b0be228330914513f361b4f70d218dd49ad75d3,Sandbox's LANDs,94841,ERC721,1,0.30000000000000004 ETH ($40.272000000000006),Opensea
0xf76a5181ef7c672e9e43471bb919e4d9b19e65886883afe9444dc40ba0a52e5e,1578072961,2020-01-03 17:36:01,Bought,0x6b0be228330914513f361b4f70d218dd49ad75d3,Sandbox's LANDs,94842,ERC721,1,0.30000000000000004 ETH ($40.272000000000006),Opensea
0xf76a5181ef7c672e9e43471bb919e4d9b19e65886883afe9444dc40ba0a52e5e,1578072961,2020-01-03 17:36:01,Bought,0x6b0be228330914513f361b4f70d218dd49ad75d3,Sandbox's LANDs,95250,ERC721,1,0.30000000000000004 ETH ($40.272000000000006),Opensea
0xf76a5181ef7c672e9e43471bb919e4d9b19e65886883afe9444dc40ba0a52e5e,1578072961,2020-01-03 17:36:01,Bought,0x6b0be228330914513f361b4f70d218dd49ad75d3,Sandbox's LANDs,95251,ERC721,1,0.30000000000000004 ETH ($40.272000000000006),Opensea
0xf76a5181ef7c672e9e43471bb919e4d9b19e65886883afe9444dc40ba0a52e5e,1578072961,2020-01-03 17:36:01,Bought,0x6b0be228330914513f361b4f70d218dd49ad75d3,Sandbox's LANDs,95252,ERC721,1,0.30000000000000004 ETH ($40.272000000000006),Opensea
0xf76a5181ef7c672e9e43471bb919e4d9b19e65886883afe9444dc40ba0a52e5e,1578072961,2020-01-03 17:36:01,Bought,0x6b0be228330914513f361b4f70d218dd49ad75d3,Sandbox's LANDs,95253,ERC721,1,0.30000000000000004 ETH ($40.272000000000006),Opensea
0xf76a5181ef7c672e9e43471bb919e4d9b19e65886883afe9444dc40ba0a52e5e,1578072961,2020-01-03 17:36:01,Bought,0x6b0be228330914513f361b4f70d218dd49ad75d3,Sandbox's LANDs,95659,ERC721,1,0.30000000000000004 ETH ($40.272000000000006),Opensea
0xf76a5181ef7c672e9e43471bb919e4d9b19e65886883afe9444dc40ba0a52e5e,1578072961,2020-01-03 17:36:01,Bought,0x6b0be228330914513f361b4f70d218dd49ad75d3,Sandbox's LANDs,95660,ERC721,1,0.30000000000000004 ETH ($40.272000000000006),Opensea
0xf76a5181ef7c672e9e43471bb919e4d9b19e65886883afe9444dc40ba0a52e5e,1578072961,2020-01-03 17:36:01,Bought,0x6b0be228330914513f361b4f70d218dd49ad75d3,Sandbox's LANDs,95661,ERC721,1,0.30000000000000004 ETH ($40.272000000000006),Opensea
0xb797e78f80db7711ad649928f8e953bf54a83abfc710136e2353ae06b9269573,1578077338,2020-01-03 18:48:58,Bought,0x6b0be228330914513f361b4f70d218dd49ad75d3,Sandbox's LANDs,96070,ERC721,1,0.2857142857142857 ETH ($38.354285714285716),Opensea
0xb797e78f80db7711ad649928f8e953bf54a83abfc710136e2353ae06b9269573,1578077338,2020-01-03 18:48:58,Bought,0x6b0be228330914513f361b4f70d218dd49ad75d3,Sandbox's LANDs,96071,ERC721,1,0.2857142857142857 ETH ($38.354285714285716),Opensea
0xb797e78f80db7711ad649928f8e953bf54a83abfc710136e2353ae06b9269573,1578077338,2020-01-03 18:48:58,Bought,0x6b0be228330914513f361b4f70d218dd49ad75d3,Sandbox's LANDs,96477,ERC721,1,0.2857142857142857 ETH ($38.354285714285716),Opensea
0xb797e78f80db7711ad649928f8e953bf54a83abfc710136e2353ae06b9269573,1578077338,2020-01-03 18:48:58,Bought,0x6b0be228330914513f361b4f70d218dd49ad75d3,Sandbox's LANDs,96478,ERC721,1,0.2857142857142857 ETH ($38.354285714285716),Opensea
0xb797e78f80db7711ad649928f8e953bf54a83abfc710136e2353ae06b9269573,1578077338,2020-01-03 18:48:58,Bought,0x6b0be228330914513f361b4f70d218dd49ad75d3,Sandbox's LANDs,96885,ERC721,1,0.2857142857142857 ETH ($38.354285714285716),Opensea
0xb797e78f80db7711ad649928f8e953bf54a83abfc710136e2353ae06b9269573,1578077338,2020-01-03 18:48:58,Bought,0x6b0be228330914513f361b4f70d218dd49ad75d3,Sandbox's LANDs,96886,ERC721,1,0.2857142857142857 ETH ($38.354285714285716),Opensea
0xb797e78f80db7711ad649928f8e953bf54a83abfc710136e2353ae06b9269573,1578077338,2020-01-03 18:48:58,Bought,0x6b0be228330914513f361b4f70d218dd49ad75d3,Sandbox's LANDs,97293,ERC721,1,0.2857142857142857 ETH ($38.354285714285716),Opensea
0x3b9b024d288b900ed30c91e632b9cfae56ddbfbc38c6cddaa55d8c013a4947d8,1578127610,2020-01-04 08:46:50,Bought,0x6b0be228330914513f361b4f70d218dd49ad75d3,Sandbox's LANDs,96859,ERC721,1,0.27 ETH ($36.234),Opensea
0x76f76bb01d9e3ee0bcb193f73aa31e408011b22776ceb2b8885d852f70fa3a77,1578127662,2020-01-04 08:47:42,Bought,0x6b0be228330914513f361b4f70d218dd49ad75d3,Sandbox's LANDs,96862,ERC721,1,0.27 ETH ($36.234),Opensea
0x8a7f9e6332ec8b66cb9d10928998cfe71896ce870437f3e409b34dd908f5fa2f,1578262818,2020-01-05 22:20:18,Bought,0x7554c46eb39c3ba5eb3c6d99b65a751832059605,Sandbox's LANDs,89521,ERC721,1,0.268 ETH ($36.314),Opensea
0x8a7f9e6332ec8b66cb9d10928998cfe71896ce870437f3e409b34dd908f5fa2f,1578262818,2020-01-05 22:20:18,Bought,0x7554c46eb39c3ba5eb3c6d99b65a751832059605,Sandbox's LANDs,89522,ERC721,1,0.268 ETH ($36.314),Opensea
0x8a7f9e6332ec8b66cb9d10928998cfe71896ce870437f3e409b34dd908f5fa2f,1578262818,2020-01-05 22:20:18,Bought,0x7554c46eb39c3ba5eb3c6d99b65a751832059605,Sandbox's LANDs,89929,ERC721,1,0.268 ETH ($36.314),Opensea
0x8a7f9e6332ec8b66cb9d10928998cfe71896ce870437f3e409b34dd908f5fa2f,1578262818,2020-01-05 22:20:18,Bought,0x7554c46eb39c3ba5eb3c6d99b65a751832059605,Sandbox's LANDs,89930,ERC721,1,0.268 ETH ($36.314),Opensea
0x8a7f9e6332ec8b66cb9d10928998cfe71896ce870437f3e409b34dd908f5fa2f,1578262818,2020-01-05 22:20:18,Bought,0x7554c46eb39c3ba5eb3c6d99b65a751832059605,Sandbox's LANDs,90337,ERC721,1,0.268 ETH ($36.314),Opensea
0x006c3dbe6529cc3ce56dfc6eb173bc664bef9afba58af56eec37577a9c0aa444,1578295741,2020-01-06 07:29:01,Bought,0x1204e98218f81eaa52578d340cba8ad2dc975c65,Sandbox's LANDs,88314,ERC721,1,0.27 ETH ($38.920500000000004),Opensea
0x006c3dbe6529cc3ce56dfc6eb173bc664bef9afba58af56eec37577a9c0aa444,1578295741,2020-01-06 07:29:01,Bought,0x1204e98218f81eaa52578d340cba8ad2dc975c65,Sandbox's LANDs,98112,ERC721,1,0.27 ETH ($38.920500000000004),Opensea
0x987776221c060c08e3e356d896caffb3b7368186654ed3d2432bba7d561138c4,1578612391,2020-01-09 23:26:31,Bought,0xa4ad045d62a493f0ed883b413866448afb13087c,Sandbox's LANDs,96033,ERC721,1,0.2699 ETH ($37.176026),Opensea
0x73351b36cc959d0d148b76b87197b5b2d7cb04ad2e47ddb1aef0645d4f1d4345,1578767325,2020-01-11 18:28:45,Bought,0x2ee92c196d63f2313a52c4bb48f427361460636b,Sandbox's LANDs,102156,ERC721,1,0.3 ETH ($42.756),Opensea
0xa81aa997c1f8aebfc903bcadc3772ecf2c78373831ed6c78729372f8035bc7bf,1578774320,2020-01-11 20:25:20,Bought,0x8409d635f7c2260976c2ab84b18cdbcaa94cf76c,Sandbox's LANDs,89504,ERC721,1,0.27 ETH ($38.4804),Opensea
0x967ab6e61e8877d07b1879b9fcd9b6f1fe884f4b8d1b8cc1086edec9d4c1c5fc,1579341161,2020-01-18 09:52:41,Bought,0x67e1ab582fd4744c04a817593a089e82129bc18c,Sandbox's LANDs,104200,ERC721,1,0.26 ETH ($45.2166),Opensea
0xa91e2b44616da6c5818f343522ae6b8de4fdac3e692ca4652949ec69dd66ad23,1579394957,2020-01-19 00:49:17,Bought,0xb6103b35c1dfcfbc66aa6aa59e5dec376b79dd6a,Sandbox's LANDs,95649,ERC721,1,0.3 ETH ($50.07599999999999),Opensea
0x4049ca9bced685ea176bb67d74b48bcf95b17afb0f8523367866c75b18309ef4,1579417156,2020-01-19 06:59:16,Bought,0x7284b6a4233b8b05910f2cbf7dbf6715325f6fcb,Sandbox's LANDs,94404,ERC721,1,0.22 ETH ($36.7224),Opensea
0x4049ca9bced685ea176bb67d74b48bcf95b17afb0f8523367866c75b18309ef4,1579417156,2020-01-19 06:59:16,Bought,0x7284b6a4233b8b05910f2cbf7dbf6715325f6fcb,Sandbox's LANDs,94812,ERC721,1,0.22 ETH ($36.7224),Opensea
0x4049ca9bced685ea176bb67d74b48bcf95b17afb0f8523367866c75b18309ef4,1579417156,2020-01-19 06:59:16,Bought,0x7284b6a4233b8b05910f2cbf7dbf6715325f6fcb,Sandbox's LANDs,94813,ERC721,1,0.22 ETH ($36.7224),Opensea
0x4049ca9bced685ea176bb67d74b48bcf95b17afb0f8523367866c75b18309ef4,1579417156,2020-01-19 06:59:16,Bought,0x7284b6a4233b8b05910f2cbf7dbf6715325f6fcb,Sandbox's LANDs,94814,ERC721,1,0.22 ETH ($36.7224),Opensea
0xb41803694a41885992e4ad516a01f00e8a28ea30ea664889484fb1a1c81b0e15,1579553114,2020-01-20 20:45:14,Bought,0x67e1ab582fd4744c04a817593a089e82129bc18c,Sandbox's LANDs,95254,ERC721,1,0.24 ETH ($39.993599999999994),Opensea
0xaa5fcfe28d05b35cce3e83f539990d1c4b60ef9b1c40afd1c813e94b6dfb7311,1579554801,2020-01-20 21:13:21,Bought,0x67e1ab582fd4744c04a817593a089e82129bc18c,Sandbox's LANDs,90750,ERC721,1,0.24 ETH ($39.993599999999994),Opensea
0xc372170b70d642a1bfd21577fc6d7f55280928d0231ac1a0dfaa85f49444e84a,1579662563,2020-01-22 03:09:23,Bought,0x34f5cd7ed678d8d5436ce9ba44968d8a0ea25590,Sandbox's LANDs,97258,ERC721,1,0.22 ETH ($36.9534),Opensea
0xf6a73b5bce8f223e41a4c19c20c0f40628af3aad7a13b745d69c5272a7b76472,1579708072,2020-01-22 15:47:52,Bought,0xe094514690e136c0d0c23b5371f767bdef320506,Sandbox's LANDs,95218,ERC721,1,0.22 ETH ($36.9534),Opensea
0xf6a73b5bce8f223e41a4c19c20c0f40628af3aad7a13b745d69c5272a7b76472,1579708072,2020-01-22 15:47:52,Bought,0xe094514690e136c0d0c23b5371f767bdef320506,Sandbox's LANDs,95219,ERC721,1,0.22 ETH ($36.9534),Opensea
0xf6a73b5bce8f223e41a4c19c20c0f40628af3aad7a13b745d69c5272a7b76472,1579708072,2020-01-22 15:47:52,Bought,0xe094514690e136c0d0c23b5371f767bdef320506,Sandbox's LANDs,95626,ERC721,1,0.22 ETH ($36.9534),Opensea
0xf6a73b5bce8f223e41a4c19c20c0f40628af3aad7a13b745d69c5272a7b76472,1579708072,2020-01-22 15:47:52,Bought,0xe094514690e136c0d0c23b5371f767bdef320506,Sandbox's LANDs,96034,ERC721,1,0.22 ETH ($36.9534),Opensea
0x62de93168afee4aba344ab74c2524f3665381e5b0155659aa94160187784ea0c,1579722847,2020-01-22 19:54:07,Bought,0xf902d068920234957d2908b8b0156e61c0bea2c2,Sandbox's LANDs,96451,ERC721,1,0.23166666666666666 ETH ($38.91305),Opensea
0x62de93168afee4aba344ab74c2524f3665381e5b0155659aa94160187784ea0c,1579722847,2020-01-22 19:54:07,Bought,0xf902d068920234957d2908b8b0156e61c0bea2c2,Sandbox's LANDs,96452,ERC721,1,0.23166666666666666 ETH ($38.91305),Opensea
0x62de93168afee4aba344ab74c2524f3665381e5b0155659aa94160187784ea0c,1579722847,2020-01-22 19:54:07,Bought,0xf902d068920234957d2908b8b0156e61c0bea2c2,Sandbox's LANDs,96860,ERC721,1,0.23166666666666666 ETH ($38.91305),Opensea
0x62de93168afee4aba344ab74c2524f3665381e5b0155659aa94160187784ea0c,1579722847,2020-01-22 19:54:07,Bought,0xf902d068920234957d2908b8b0156e61c0bea2c2,Sandbox's LANDs,96861,ERC721,1,0.23166666666666666 ETH ($38.91305),Opensea
0x62de93168afee4aba344ab74c2524f3665381e5b0155659aa94160187784ea0c,1579722847,2020-01-22 19:54:07,Bought,0xf902d068920234957d2908b8b0156e61c0bea2c2,Sandbox's LANDs,97268,ERC721,1,0.23166666666666666 ETH ($38.91305),Opensea
0x62de93168afee4aba344ab74c2524f3665381e5b0155659aa94160187784ea0c,1579722847,2020-01-22 19:54:07,Bought,0xf902d068920234957d2908b8b0156e61c0bea2c2,Sandbox's LANDs,97269,ERC721,1,0.23166666666666666 ETH ($38.91305),Opensea
0xf0f060ae98c0fa75078c4a200a293131c7e1fd5f7484508365c3eca1d769ab37,1579722981,2020-01-22 19:56:21,Bought,0xf902d068920234957d2908b8b0156e61c0bea2c2,Sandbox's LANDs,96880,ERC721,1,0.24 ETH ($40.312799999999996),Opensea
0x4404848adad11482fd374035ebcafef16a9bb6fdc191129076227683d8b7d8a3,1579723262,2020-01-22 20:01:02,Bought,0xf902d068920234957d2908b8b0156e61c0bea2c2,Sandbox's LANDs,96062,ERC721,1,0.24 ETH ($40.312799999999996),Opensea
0xb9ee494234a6b68ecff36227f9eb1a32c83b93011a39e71dd2c90c6e83d3a9f7,1579723705,2020-01-22 20:08:25,Bought,0xf902d068920234957d2908b8b0156e61c0bea2c2,Sandbox's LANDs,96470,ERC721,1,0.24 ETH ($40.312799999999996),Opensea
0xdb4f8fdb4f6fd7835f1c3fdc48c77792bbaf9b70134fa184f8f74c0bc9dbb82c,1579724350,2020-01-22 20:19:10,Bought,0xf902d068920234957d2908b8b0156e61c0bea2c2,Sandbox's LANDs,105421,ERC721,1,0.23 ETH ($38.6331),Opensea
0xaf0679a3dfdbbbafc64fd20a5ccc4dc1782befb1050f68b08a7d7adbb02265eb,1579799969,2020-01-23 17:19:29,Bought,0xc454e2b4ebb3c74b2caf83e74067a8055b375e4e,Sandbox's LANDs,100155,ERC721,1,0.2285714285714286 ETH ($37.14514285714286),Opensea
0xaf0679a3dfdbbbafc64fd20a5ccc4dc1782befb1050f68b08a7d7adbb02265eb,1579799969,2020-01-23 17:19:29,Bought,0xc454e2b4ebb3c74b2caf83e74067a8055b375e4e,Sandbox's LANDs,98931,ERC721,1,0.2285714285714286 ETH ($37.14514285714286),Opensea
0xaf0679a3dfdbbbafc64fd20a5ccc4dc1782befb1050f68b08a7d7adbb02265eb,1579799969,2020-01-23 17:19:29,Bought,0xc454e2b4ebb3c74b2caf83e74067a8055b375e4e,Sandbox's LANDs,98932,ERC721,1,0.2285714285714286 ETH ($37.14514285714286),Opensea
0xaf0679a3dfdbbbafc64fd20a5ccc4dc1782befb1050f68b08a7d7adbb02265eb,1579799969,2020-01-23 17:19:29,Bought,0xc454e2b4ebb3c74b2caf83e74067a8055b375e4e,Sandbox's LANDs,98933,ERC721,1,0.2285714285714286 ETH ($37.14514285714286),Opensea
0xaf0679a3dfdbbbafc64fd20a5ccc4dc1782befb1050f68b08a7d7adbb02265eb,1579799969,2020-01-23 17:19:29,Bought,0xc454e2b4ebb3c74b2caf83e74067a8055b375e4e,Sandbox's LANDs,99339,ERC721,1,0.2285714285714286 ETH ($37.14514285714286),Opensea
0xaf0679a3dfdbbbafc64fd20a5ccc4dc1782befb1050f68b08a7d7adbb02265eb,1579799969,2020-01-23 17:19:29,Bought,0xc454e2b4ebb3c74b2caf83e74067a8055b375e4e,Sandbox's LANDs,99747,ERC721,1,0.2285714285714286 ETH ($37.14514285714286),Opensea
0xaf0679a3dfdbbbafc64fd20a5ccc4dc1782befb1050f68b08a7d7adbb02265eb,1579799969,2020-01-23 17:19:29,Bought,0xc454e2b4ebb3c74b2caf83e74067a8055b375e4e,Sandbox's LANDs,99748,ERC721,1,0.2285714285714286 ETH ($37.14514285714286),Opensea
0x20b5df6ff1a8fbb35bc781535a323b178b01b0b831b6d163fd6eaccc1221d98d,1579801934,2020-01-23 17:52:14,Bought,0xc454e2b4ebb3c74b2caf83e74067a8055b375e4e,Sandbox's LANDs,89499,ERC721,1,0.3333333333333333 ETH ($54.169999999999995),Opensea
0x20b5df6ff1a8fbb35bc781535a323b178b01b0b831b6d163fd6eaccc1221d98d,1579801934,2020-01-23 17:52:14,Bought,0xc454e2b4ebb3c74b2caf83e74067a8055b375e4e,Sandbox's LANDs,89500,ERC721,1,0.3333333333333333 ETH ($54.169999999999995),Opensea
0x20b5df6ff1a8fbb35bc781535a323b178b01b0b831b6d163fd6eaccc1221d98d,1579801934,2020-01-23 17:52:14,Bought,0xc454e2b4ebb3c74b2caf83e74067a8055b375e4e,Sandbox's LANDs,89501,ERC721,1,0.3333333333333333 ETH ($54.169999999999995),Opensea
0x20b5df6ff1a8fbb35bc781535a323b178b01b0b831b6d163fd6eaccc1221d98d,1579801934,2020-01-23 17:52:14,Bought,0xc454e2b4ebb3c74b2caf83e74067a8055b375e4e,Sandbox's LANDs,89907,ERC721,1,0.3333333333333333 ETH ($54.169999999999995),Opensea
0x20b5df6ff1a8fbb35bc781535a323b178b01b0b831b6d163fd6eaccc1221d98d,1579801934,2020-01-23 17:52:14,Bought,0xc454e2b4ebb3c74b2caf83e74067a8055b375e4e,Sandbox's LANDs,89908,ERC721,1,0.3333333333333333 ETH ($54.169999999999995),Opensea
0x20b5df6ff1a8fbb35bc781535a323b178b01b0b831b6d163fd6eaccc1221d98d,1579801934,2020-01-23 17:52:14,Bought,0xc454e2b4ebb3c74b2caf83e74067a8055b375e4e,Sandbox's LANDs,89909,ERC721,1,0.3333333333333333 ETH ($54.169999999999995),Opensea
0x20b5df6ff1a8fbb35bc781535a323b178b01b0b831b6d163fd6eaccc1221d98d,1579801934,2020-01-23 17:52:14,Bought,0xc454e2b4ebb3c74b2caf83e74067a8055b375e4e,Sandbox's LANDs,90315,ERC721,1,0.3333333333333333 ETH ($54.169999999999995),Opensea
0x20b5df6ff1a8fbb35bc781535a323b178b01b0b831b6d163fd6eaccc1221d98d,1579801934,2020-01-23 17:52:14,Bought,0xc454e2b4ebb3c74b2caf83e74067a8055b375e4e,Sandbox's LANDs,90316,ERC721,1,0.3333333333333333 ETH ($54.169999999999995),Opensea
0x20b5df6ff1a8fbb35bc781535a323b178b01b0b831b6d163fd6eaccc1221d98d,1579801934,2020-01-23 17:52:14,Bought,0xc454e2b4ebb3c74b2caf83e74067a8055b375e4e,Sandbox's LANDs,90317,ERC721,1,0.3333333333333333 ETH ($54.169999999999995),Opensea
0x824afaef222ccd2452062df159b05300f1c278307113274a1878135ce8e87b96,1579805155,2020-01-23 18:45:55,Bought,0x7284b6a4233b8b05910f2cbf7dbf6715325f6fcb,Sandbox's LANDs,107881,ERC721,1,0.22999999999999998 ETH ($37.3773),Opensea
0x824afaef222ccd2452062df159b05300f1c278307113274a1878135ce8e87b96,1579805155,2020-01-23 18:45:55,Bought,0x7284b6a4233b8b05910f2cbf7dbf6715325f6fcb,Sandbox's LANDs,108289,ERC721,1,0.22999999999999998 ETH ($37.3773),Opensea
0x824afaef222ccd2452062df159b05300f1c278307113274a1878135ce8e87b96,1579805155,2020-01-23 18:45:55,Bought,0x7284b6a4233b8b05910f2cbf7dbf6715325f6fcb,Sandbox's LANDs,108290,ERC721,1,0.22999999999999998 ETH ($37.3773),Opensea
0x824afaef222ccd2452062df159b05300f1c278307113274a1878135ce8e87b96,1579805155,2020-01-23 18:45:55,Bought,0x7284b6a4233b8b05910f2cbf7dbf6715325f6fcb,Sandbox's LANDs,108696,ERC721,1,0.22999999999999998 ETH ($37.3773),Opensea
0x824afaef222ccd2452062df159b05300f1c278307113274a1878135ce8e87b96,1579805155,2020-01-23 18:45:55,Bought,0x7284b6a4233b8b05910f2cbf7dbf6715325f6fcb,Sandbox's LANDs,108697,ERC721,1,0.22999999999999998 ETH ($37.3773),Opensea
0x824afaef222ccd2452062df159b05300f1c278307113274a1878135ce8e87b96,1579805155,2020-01-23 18:45:55,Bought,0x7284b6a4233b8b05910f2cbf7dbf6715325f6fcb,Sandbox's LANDs,108698,ERC721,1,0.22999999999999998 ETH ($37.3773),Opensea
0x41151451607444cae0f8c2a46af64ee83d969d5c90b9546881d5766fc122bd2c,1579811864,2020-01-23 20:37:44,Bought,0xfb87ecd70f5da0cc8bf74a8f41ec537c8acbc9ee,Sandbox's LANDs,85430,ERC721,1,0.44 ETH ($71.50439999999999),Opensea
0xb5068138f3bc7f11f5ffff3a3c15da4c0e9663df4b7a7b1001ff6dba3ae11149,1579915111,2020-01-25 01:18:31,Bought,0xb6103b35c1dfcfbc66aa6aa59e5dec376b79dd6a,Sandbox's LANDs,97266,ERC721,1,0.26 ETH ($41.7716),Opensea
0xb323ff7b94d32a15d6db6bcdee5ee98a5a05e6cd5bfcf2df6698e142b7f07c95,1580126405,2020-01-27 12:00:05,Bought,0xc454e2b4ebb3c74b2caf83e74067a8055b375e4e,Sandbox's LANDs,87910,ERC721,1,1 ETH ($169.7),Opensea
0x2cf3a6fa378b255ffe96104f9b2e8882f282c963c45c17e687af71e6e95aca4a,1580127729,2020-01-27 12:22:09,Bought,0xc454e2b4ebb3c74b2caf83e74067a8055b375e4e,Sandbox's LANDs,88721,ERC721,1,0.4 ETH ($67.88),Opensea
0x059c6a0d037e568e213ba5ecb9ab9345d34725dfaae56bb140ead36861aa034e,1580128761,2020-01-27 12:39:21,Bought,0xc454e2b4ebb3c74b2caf83e74067a8055b375e4e,Sandbox's LANDs,88722,ERC721,1,0.45 ETH ($76.365),Opensea
0x255792cdf69470ffa7119ddd85cdd00cfbe74c6fa3472688391146ac385417ce,1580238802,2020-01-28 19:13:22,Bought,0x98130f15a7d858efd5eea910973b55a869e7f43c,Sandbox's LANDs,96465,ERC721,1,0.24 ETH ($42.196799999999996),Opensea
0x9be8e58fec68afeb874217bf1cb6c9438ff3eeb69332c1d89145597d47ee75c5,1580239007,2020-01-28 19:16:47,Bought,0x98130f15a7d858efd5eea910973b55a869e7f43c,Sandbox's LANDs,96466,ERC721,1,0.24 ETH ($42.196799999999996),Opensea
0x89cbe90f9d2418c495bc35acba9990659909bc36531c7e2743f7c9919745cb2a,1580239086,2020-01-28 19:18:06,Bought,0x98130f15a7d858efd5eea910973b55a869e7f43c,Sandbox's LANDs,96467,ERC721,1,0.24 ETH ($42.196799999999996),Opensea
0x9764ad7afffe94458901fc8a23579ed219fce060a7559526191aad1572b94204,1580239250,2020-01-28 19:20:50,Bought,0x98130f15a7d858efd5eea910973b55a869e7f43c,Sandbox's LANDs,96468,ERC721,1,0.24 ETH ($42.196799999999996),Opensea
0x8ad241d36c6c0da9f9f651c6950638602c684fbeeaf1505d06102ddd4cdc502b,1580406046,2020-01-30 17:40:46,Bought,0x3ac753ed33239486188c384ca792ea90f2fafaa1,Sandbox's LANDs,100560,ERC721,1,0.27 ETH ($49.7934),Opensea
0xd74cd140b190819aa27eba52276ea9708d2f8d493504ca57e4455ba2d0dd340a,1580475945,2020-01-31 13:05:45,Bought,0x672817a6f2a7565c4dd7ff5294446d058225cc85,Sandbox's LANDs,92786,ERC721,1,0.24 ETH ($43.116),Opensea
0x5c53a22dac67c67cc9a674695d326ff3ca61999cbdca6db4daa62b138b683e4d,1580502063,2020-01-31 20:21:03,Bought,0xc454e2b4ebb3c74b2caf83e74067a8055b375e4e,Sandbox's LANDs,88723,ERC721,1,0.35 ETH ($62.8775),Opensea
0x5c43f22ef5e9fe99b06b4d9bebf85e888805a062906ad7d8b028acc7f317fb36,1580512711,2020-01-31 23:18:31,Bought,0x5ab5844dd55ab73212d1527e4cf72fea884e39dd,Sandbox's LANDs,89129,ERC721,1,0.375 ETH ($67.36875),Opensea
0x11fa6309700dff583b78afd058c4966d8994e03d8986d55d87d9432908aa2e31,1580514575,2020-01-31 23:49:35,Bought,0x4f809effb315a91093169e17e6e1bf8f27889240,Sandbox's LANDs,95255,ERC721,1,0.25 ETH ($44.9125),Opensea
0xe98bcfed5c0a8fb0430a3e6f80c783b62f79667d61ed06295d97001fcb73a847,1580924843,2020-02-05 17:47:23,Bought,0xb78e3e8bd36b3228322d0a9d3271b5fbb7997fa3,Sandbox's LANDs,97289,ERC721,1,0.22 ETH ($44.8492),Opensea
0xfdec3bbd4af60ea1651aa2b86c967c6fc296f34379670a46b8c9bc9a2411a579,1580940636,2020-02-05 22:10:36,Bought,0xf8258c44c92cd8c6fc59f8cb8366b07c89579ca4,Sandbox's LANDs,105431,ERC721,1,0.000999646922805326 ETH ($0.20378802168309376),Opensea
0xc439fb202e4a50a120d7f804a35cef7e8bdf44b3ac63bd7d15cfca6a0d202859,1580942226,2020-02-05 22:37:06,Bought,0xf8258c44c92cd8c6fc59f8cb8366b07c89579ca4,Sandbox's LANDs,107056,ERC721,1,0.001 ETH ($0.20386),Opensea
0xdeb57c94afbf513a221c48fe1849415d80a10ece5e797fb8f98f26247249e2f5,1580943220,2020-02-05 22:53:40,Bought,0x471c8f11ab702a13d20222eac546d90ca0abf665,Sandbox's LANDs,87911,ERC721,1,0.001 ETH ($0.20386),Opensea
0xafcc161e0f8c39c11bea0d492b3046293109c9016cd0f5771558f45a17d62c1d,1580943549,2020-02-05 22:59:09,Bought,0xfc28b6dc92ba0b06aa895b14e37f59a28bed34c7,Sandbox's LANDs,87911,ERC721,1,0.001 ETH ($0.20386),Opensea
0x79dd59b1dc80a6facde879cda9a5eb2be24e696596eb21093ed347a9a9a17dfc,1580985410,2020-02-06 10:36:50,Bought,0x442dccee68425828c106a3662014b4f131e3bd9b,Sandbox's LANDs,93596,ERC721,1,0.20833333333333334 ETH ($44.34791666666667),Opensea
0x79dd59b1dc80a6facde879cda9a5eb2be24e696596eb21093ed347a9a9a17dfc,1580985410,2020-02-06 10:36:50,Bought,0x442dccee68425828c106a3662014b4f131e3bd9b,Sandbox's LANDs,94004,ERC721,1,0.20833333333333334 ETH ($44.34791666666667),Opensea
0x79dd59b1dc80a6facde879cda9a5eb2be24e696596eb21093ed347a9a9a17dfc,1580985410,2020-02-06 10:36:50,Bought,0x442dccee68425828c106a3662014b4f131e3bd9b,Sandbox's LANDs,94005,ERC721,1,0.20833333333333334 ETH ($44.34791666666667),Opensea
0x79dd59b1dc80a6facde879cda9a5eb2be24e696596eb21093ed347a9a9a17dfc,1580985410,2020-02-06 10:36:50,Bought,0x442dccee68425828c106a3662014b4f131e3bd9b,Sandbox's LANDs,94412,ERC721,1,0.20833333333333334 ETH ($44.34791666666667),Opensea
0x79dd59b1dc80a6facde879cda9a5eb2be24e696596eb21093ed347a9a9a17dfc,1580985410,2020-02-06 10:36:50,Bought,0x442dccee68425828c106a3662014b4f131e3bd9b,Sandbox's LANDs,94820,ERC721,1,0.20833333333333334 ETH ($44.34791666666667),Opensea
0x79dd59b1dc80a6facde879cda9a5eb2be24e696596eb21093ed347a9a9a17dfc,1580985410,2020-02-06 10:36:50,Bought,0x442dccee68425828c106a3662014b4f131e3bd9b,Sandbox's LANDs,95228,ERC721,1,0.20833333333333334 ETH ($44.34791666666667),Opensea
0x08470f89b287c2c6695a4861993ea8161bdb0742c9075ad2fbdd6cf56954da33,1580985706,2020-02-06 10:41:46,Bought,0x442dccee68425828c106a3662014b4f131e3bd9b,Sandbox's LANDs,94419,ERC721,1,0.2 ETH ($42.574000000000005),Opensea
0x08470f89b287c2c6695a4861993ea8161bdb0742c9075ad2fbdd6cf56954da33,1580985706,2020-02-06 10:41:46,Bought,0x442dccee68425828c106a3662014b4f131e3bd9b,Sandbox's LANDs,94420,ERC721,1,0.2 ETH ($42.574000000000005),Opensea
0x08470f89b287c2c6695a4861993ea8161bdb0742c9075ad2fbdd6cf56954da33,1580985706,2020-02-06 10:41:46,Bought,0x442dccee68425828c106a3662014b4f131e3bd9b,Sandbox's LANDs,94824,ERC721,1,0.2 ETH ($42.574000000000005),Opensea
0x08470f89b287c2c6695a4861993ea8161bdb0742c9075ad2fbdd6cf56954da33,1580985706,2020-02-06 10:41:46,Bought,0x442dccee68425828c106a3662014b4f131e3bd9b,Sandbox's LANDs,94825,ERC721,1,0.2 ETH ($42.574000000000005),Opensea
0x08470f89b287c2c6695a4861993ea8161bdb0742c9075ad2fbdd6cf56954da33,1580985706,2020-02-06 10:41:46,Bought,0x442dccee68425828c106a3662014b4f131e3bd9b,Sandbox's LANDs,94827,ERC721,1,0.2 ETH ($42.574000000000005),Opensea
0x08470f89b287c2c6695a4861993ea8161bdb0742c9075ad2fbdd6cf56954da33,1580985706,2020-02-06 10:41:46,Bought,0x442dccee68425828c106a3662014b4f131e3bd9b,Sandbox's LANDs,95232,ERC721,1,0.2 ETH ($42.574000000000005),Opensea
0x08470f89b287c2c6695a4861993ea8161bdb0742c9075ad2fbdd6cf56954da33,1580985706,2020-02-06 10:41:46,Bought,0x442dccee68425828c106a3662014b4f131e3bd9b,Sandbox's LANDs,95233,ERC721,1,0.2 ETH ($42.574000000000005),Opensea
0x08470f89b287c2c6695a4861993ea8161bdb0742c9075ad2fbdd6cf56954da33,1580985706,2020-02-06 10:41:46,Bought,0x442dccee68425828c106a3662014b4f131e3bd9b,Sandbox's LANDs,95234,ERC721,1,0.2 ETH ($42.574000000000005),Opensea
0x08470f89b287c2c6695a4861993ea8161bdb0742c9075ad2fbdd6cf56954da33,1580985706,2020-02-06 10:41:46,Bought,0x442dccee68425828c106a3662014b4f131e3bd9b,Sandbox's LANDs,95235,ERC721,1,0.2 ETH ($42.574000000000005),Opensea
0x26ef1aba47d48a93b24af7c651f4aced724a2ed8e49ceceb3e572e86f947e0c0,1581279938,2020-02-09 20:25:38,Bought,0x94aff6c2c005567aa0e2a27f77701bb1b6679b6b,Sandbox's LANDs,96879,ERC721,1,0.19 ETH ($43.4435),Opensea
0xf3224004a0066ef06152acc3fb3b1c92a0bd7fc640e2d04f6e0286751775539a,1581279988,2020-02-09 20:26:28,Bought,0x94aff6c2c005567aa0e2a27f77701bb1b6679b6b,Sandbox's LANDs,97286,ERC721,1,0.19 ETH ($43.4435),Opensea
0x032198c48b1cec144e8a75145c88fc6d1a8a7175ab78126b85a240e3ded764a9,1581280080,2020-02-09 20:28:00,Bought,0x94aff6c2c005567aa0e2a27f77701bb1b6679b6b,Sandbox's LANDs,97287,ERC721,1,0.19 ETH ($43.4435),Opensea
0x3e5eef988850d7bc31ddb97a85f3701b86ab599321abf352854a207e96810434,1581280161,2020-02-09 20:29:21,Bought,0x94aff6c2c005567aa0e2a27f77701bb1b6679b6b,Sandbox's LANDs,96878,ERC721,1,0.19 ETH ($43.4435),Opensea
0xfa5436594addacb0f869c2daa8aad0831bf3fc411ac3b84f8210a5c34315e77b,1581280263,2020-02-09 20:31:03,Bought,0x94aff6c2c005567aa0e2a27f77701bb1b6679b6b,Sandbox's LANDs,94030,ERC721,1,0.19 ETH ($43.4435),Opensea
0x13a494f048c0d095a518eb8be3943006f838ad4d986a5cfed46e14757d01ccc7,1581281448,2020-02-09 20:50:48,Bought,0x3ac753ed33239486188c384ca792ea90f2fafaa1,Sandbox's LANDs,107470,ERC721,1,0.19 ETH ($43.4435),Opensea
0xb10266ea16834a2c87d13dca03b79b84e3053871748f52ddfc6e7ef3c7422355,1581281686,2020-02-09 20:54:46,Bought,0x3ac753ed33239486188c384ca792ea90f2fafaa1,Sandbox's LANDs,107063,ERC721,1,0.2 ETH ($45.730000000000004),Opensea
0x08b527ca0d9314bd22610122cd041cbefda7684a3b10ea6f02ba35b1796da40d,1581282890,2020-02-09 21:14:50,Bought,0x3ac753ed33239486188c384ca792ea90f2fafaa1,Sandbox's LANDs,100153,ERC721,1,0.19 ETH ($43.4435),Opensea
0x5f3991331e517b00c42a70123e1e45d5dafa23c5152a004bbb54e157d1bc4198,1581284885,2020-02-09 21:48:05,Bought,0xc454e2b4ebb3c74b2caf83e74067a8055b375e4e,Sandbox's LANDs,87091,ERC721,1,1 ETH ($228.65),Opensea
0x22fc0571b40bc1a22eaec174e304e5eb92761025f22cf3e752b714016ebc8b76,1581288444,2020-02-09 22:47:24,Bought,0xc454e2b4ebb3c74b2caf83e74067a8055b375e4e,Sandbox's LANDs,89945,ERC721,1,0.4 ETH ($91.46000000000001),Opensea
0x635442dbbed427dec567d79b7368deb135255181e780158cc94f3bc652a876af,1581294223,2020-02-10 00:23:43,Bought,0xf0c6494e3165986111bd8ab9efa66c48d9f18bde,Sandbox's LANDs,97284,ERC721,1,0.19 ETH ($42.4061),Opensea
0xb60f93472506d4bdf0168b8dc67c8ee6e3691e3b428c5d7083588ac0fdb428b0,1581294398,2020-02-10 00:26:38,Bought,0xf0c6494e3165986111bd8ab9efa66c48d9f18bde,Sandbox's LANDs,96876,ERC721,1,0.19 ETH ($42.4061),Opensea
